sku_id,flag,affected_stores,window_start,window_end,notes
SKU04321,STOCKOUT_RISK,ST12;ST28;ST25;ST11;ST20;ST15;ST21;ST04;ST03,2025-11-13,2025-12-11,High-demand SKU; simulated recent stockout window causes lost sales.
SKU04596,STOCKOUT_RISK,ST30;ST11;ST16;ST17;ST24;ST22;ST13;ST07;ST20;ST27,2025-10-31,2025-11-17,High-demand SKU; simulated recent stockout window causes lost sales.
SKU03727,STOCKOUT_RISK,ST27;ST07;ST11;ST15;ST06;ST08;ST16;ST02;ST20;ST17;ST28;ST01;ST29;ST10;ST04;ST21,2025-10-17,2025-10-29,High-demand SKU; simulated recent stockout window causes lost sales.
SKU04154,STOCKOUT_RISK,ST25;ST26;ST30;ST29;ST22;ST06;ST13;ST11;ST09;ST14;ST04;ST02;ST21,2025-10-28,2025-11-24,High-demand SKU; simulated recent stockout window causes lost sales.
SKU00953,STOCKOUT_RISK,ST07;ST04;ST12;ST08;ST25;ST28;ST15;ST16;ST10,2025-12-15,2025-12-29,High-demand SKU; simulated recent stockout window causes lost sales.
SKU00190,STOCKOUT_RISK,ST02;ST04;ST29;ST22;ST19;ST10;ST09;ST06;ST21;ST03;ST20;ST17;ST14;ST13;ST07;ST08;ST15,2025-11-06,2025-11-29,High-demand SKU; simulated recent stockout window causes lost sales.
SKU02141,STOCKOUT_RISK,ST24;ST08;ST07;ST28;ST29;ST01;ST27;ST10;ST11,2025-11-14,2025-12-05,High-demand SKU; simulated recent stockout window causes lost sales.
SKU00994,STOCKOUT_RISK,ST12;ST13;ST04;ST09;ST24;ST19;ST05;ST21;ST03,2025-11-03,2025-11-26,High-demand SKU; simulated recent stockout window causes lost sales.
SKU03292,STOCKOUT_RISK,ST06;ST12;ST19;ST22;ST05;ST16;ST30;ST02;ST03;ST01;ST28;ST04,2025-12-16,2025-12-30,High-demand SKU; simulated recent stockout window causes lost sales.
SKU01775,STOCKOUT_RISK,ST20;ST01;ST30;ST03;ST11;ST07;ST29;ST14;ST27;ST26;ST19,2025-12-13,2025-12-24,High-demand SKU; simulated recent stockout window causes lost sales.
SKU04571,STOCKOUT_RISK,ST24;ST06;ST28;ST14;ST12;ST25;ST07;ST13;ST11;ST19;ST26;ST08;ST15;ST21,2025-11-08,2025-11-25,High-demand SKU; simulated recent stockout window causes lost sales.
SKU00942,STOCKOUT_RISK,ST07;ST14;ST19;ST23;ST10;ST11;ST16;ST25;ST26;ST03;ST06;ST02;ST28;ST24;ST30;ST17,2025-11-06,2025-11-22,High-demand SKU; simulated recent stockout window causes lost sales.
SKU01371,STOCKOUT_RISK,ST22;ST01;ST08;ST20;ST11;ST02;ST09;ST15;ST04;ST07;ST21;ST29,2025-11-07,2025-12-06,High-demand SKU; simulated recent stockout window causes lost sales.
SKU02858,STOCKOUT_RISK,ST04;ST30;ST05;ST06;ST27;ST08;ST20;ST23;ST29;ST19;ST24,2025-12-12,2025-12-31,High-demand SKU; simulated recent stockout window causes lost sales.
SKU01420,STOCKOUT_RISK,ST30;ST10;ST08;ST28;ST06;ST13;ST19;ST25;ST21;ST20;ST04;ST24;ST15;ST18;ST12,2025-10-17,2025-11-09,High-demand SKU; simulated recent stockout window causes lost sales.
SKU00079,STOCKOUT_RISK,ST09;ST13;ST20;ST19;ST14;ST17;ST25;ST24;ST21;ST12;ST22;ST01,2025-11-20,2025-12-17,High-demand SKU; simulated recent stockout window causes lost sales.
SKU01045,STOCKOUT_RISK,ST01;ST21;ST03;ST17;ST10;ST04;ST30;ST14;ST22;ST29;ST26;ST08;ST15;ST09;ST07;ST06,2025-10-22,2025-11-07,High-demand SKU; simulated recent stockout window causes lost sales.
SKU00285,STOCKOUT_RISK,ST16;ST20;ST09;ST06;ST03;ST19;ST04;ST23;ST01;ST22;ST13;ST07;ST17;ST15;ST14,2025-11-29,2025-12-17,High-demand SKU; simulated recent stockout window causes lost sales.
SKU02930,STOCKOUT_RISK,ST13;ST17;ST07;ST27;ST02;ST05;ST21;ST06;ST10;ST29;ST01,2025-10-23,2025-11-05,High-demand SKU; simulated recent stockout window causes lost sales.
SKU03088,STOCKOUT_RISK,ST30;ST14;ST25;ST17;ST10;ST03;ST23;ST29;ST13;ST19;ST15;ST18,2025-11-27,2025-12-14,High-demand SKU; simulated recent stockout window causes lost sales.
SKU00286,STOCKOUT_RISK,ST30;ST15;ST27;ST09;ST12;ST26;ST23;ST20;ST17;ST01;ST14;ST04,2025-11-27,2025-12-12,High-demand SKU; simulated recent stockout window causes lost sales.
SKU02954,STOCKOUT_RISK,ST26;ST21;ST13;ST12;ST16;ST24;ST18;ST29;ST23;ST22;ST30;ST09;ST27,2025-12-17,2025-12-28,High-demand SKU; simulated recent stockout window causes lost sales.
SKU04381,STOCKOUT_RISK,ST10;ST08;ST28;ST15;ST20;ST05;ST17;ST01;ST13;ST26;ST23;ST04,2025-12-07,2025-12-27,High-demand SKU; simulated recent stockout window causes lost sales.
SKU00845,STOCKOUT_RISK,ST23;ST03;ST13;ST27;ST29;ST10;ST12;ST30;ST24;ST28;ST02,2025-11-10,2025-11-24,High-demand SKU; simulated recent stockout window causes lost sales.
SKU04329,STOCKOUT_RISK,ST23;ST25;ST12;ST28;ST24;ST07;ST15;ST14;ST05;ST22;ST26;ST19;ST02;ST10;ST16;ST17;ST27,2025-10-30,2025-11-27,High-demand SKU; simulated recent stockout window causes lost sales.
SKU04166,STOCKOUT_RISK,ST04;ST13;ST11;ST05;ST22;ST06;ST17;ST18;ST24;ST10;ST23;ST30;ST14;ST09,2025-11-22,2025-12-06,High-demand SKU; simulated recent stockout window causes lost sales.
SKU02368,STOCKOUT_RISK,ST01;ST13;ST18;ST25;ST10;ST03;ST21;ST12;ST11;ST28;ST08;ST24;ST26;ST15;ST22;ST07,2025-11-26,2025-12-23,High-demand SKU; simulated recent stockout window causes lost sales.
SKU00002,STOCKOUT_RISK,ST10;ST08;ST28;ST25;ST09;ST23;ST06;ST13;ST14;ST07;ST03;ST22;ST20;ST30,2025-11-07,2025-12-04,High-demand SKU; simulated recent stockout window causes lost sales.
SKU04350,STOCKOUT_RISK,ST25;ST12;ST29;ST09;ST20;ST22;ST16;ST10;ST30;ST19;ST06;ST21;ST04;ST28;ST08;ST02,2025-12-06,2025-12-21,High-demand SKU; simulated recent stockout window causes lost sales.
SKU00264,STOCKOUT_RISK,ST11;ST01;ST28;ST03;ST29;ST18;ST17;ST16;ST04;ST23;ST10;ST05;ST20;ST30;ST07;ST24;ST09,2025-10-27,2025-11-07,High-demand SKU; simulated recent stockout window causes lost sales.
SKU01189,STOCKOUT_RISK,ST28;ST03;ST12;ST04;ST20;ST30;ST23;ST18;ST07,2025-10-17,2025-10-28,High-demand SKU; simulated recent stockout window causes lost sales.
SKU04508,STOCKOUT_RISK,ST27;ST11;ST02;ST08;ST17;ST15;ST09;ST24;ST07;ST23;ST29;ST30;ST26,2025-11-02,2025-11-20,High-demand SKU; simulated recent stockout window causes lost sales.
SKU03840,STOCKOUT_RISK,ST03;ST22;ST07;ST09;ST16;ST13;ST23;ST15;ST24;ST28;ST01;ST02;ST18;ST11;ST06;ST12;ST10;ST17,2025-11-05,2025-11-26,High-demand SKU; simulated recent stockout window causes lost sales.
SKU04551,STOCKOUT_RISK,ST28;ST10;ST30;ST15;ST04;ST17;ST19;ST21;ST08;ST16;ST14;ST23;ST11;ST29;ST05;ST22;ST07,2025-11-30,2025-12-17,High-demand SKU; simulated recent stockout window causes lost sales.
SKU02892,STOCKOUT_RISK,ST29;ST22;ST26;ST05;ST04;ST24;ST12;ST15;ST07;ST09;ST27;ST28;ST20;ST16;ST11;ST18,2025-11-26,2025-12-08,High-demand SKU; simulated recent stockout window causes lost sales.
SKU00376,STOCKOUT_RISK,ST02;ST30;ST14;ST11;ST18;ST10;ST01;ST07;ST16;ST13;ST15;ST21;ST29;ST22;ST26;ST17;ST27,2025-12-15,2025-12-29,High-demand SKU; simulated recent stockout window causes lost sales.
SKU00920,STOCKOUT_RISK,ST30;ST18;ST09;ST13;ST19;ST02;ST28;ST03;ST08;ST24;ST10,2025-11-26,2025-12-10,High-demand SKU; simulated recent stockout window causes lost sales.
SKU01037,STOCKOUT_RISK,ST24;ST03;ST02;ST18;ST07;ST26;ST19;ST27;ST08;ST30;ST16;ST21;ST06;ST14,2025-10-24,2025-11-19,High-demand SKU; simulated recent stockout window causes lost sales.
SKU04926,STOCKOUT_RISK,ST28;ST27;ST07;ST17;ST13;ST15;ST25;ST22;ST04;ST05;ST03;ST12;ST16;ST10;ST02;ST06;ST18;ST23,2025-10-27,2025-11-25,High-demand SKU; simulated recent stockout window causes lost sales.
SKU02747,STOCKOUT_RISK,ST26;ST17;ST27;ST30;ST15;ST28;ST05;ST24;ST11;ST19;ST12;ST25;ST13;ST09;ST10;ST04,2025-12-05,2025-12-31,High-demand SKU; simulated recent stockout window causes lost sales.
SKU04157,STOCKOUT_RISK,ST11;ST01;ST02;ST04;ST20;ST05;ST23;ST08;ST15;ST18;ST03;ST06;ST24,2025-11-13,2025-12-06,High-demand SKU; simulated recent stockout window causes lost sales.
SKU01274,STOCKOUT_RISK,ST22;ST11;ST24;ST23;ST25;ST03;ST30;ST26;ST12;ST05;ST21;ST10;ST18;ST08;ST16;ST27;ST13;ST19,2025-11-27,2025-12-17,High-demand SKU; simulated recent stockout window causes lost sales.
SKU00893,STOCKOUT_RISK,ST06;ST19;ST02;ST27;ST22;ST24;ST26;ST20;ST12;ST09,2025-11-14,2025-12-12,High-demand SKU; simulated recent stockout window causes lost sales.
SKU03907,STOCKOUT_RISK,ST25;ST02;ST04;ST28;ST20;ST07;ST29;ST10;ST16;ST12;ST30;ST21;ST15;ST01;ST06;ST17,2025-10-19,2025-11-01,High-demand SKU; simulated recent stockout window causes lost sales.
SKU04913,STOCKOUT_RISK,ST06;ST30;ST28;ST26;ST18;ST15;ST08;ST19;ST03;ST27;ST21;ST22;ST25;ST24;ST04;ST07;ST10,2025-11-15,2025-12-04,High-demand SKU; simulated recent stockout window causes lost sales.
SKU02692,STOCKOUT_RISK,ST21;ST06;ST24;ST05;ST29;ST11;ST12;ST03;ST07;ST14;ST25;ST10;ST19;ST22;ST27,2025-10-19,2025-11-12,High-demand SKU; simulated recent stockout window causes lost sales.
SKU04191,STOCKOUT_RISK,ST29;ST22;ST02;ST30;ST05;ST14;ST08;ST12;ST23;ST25;ST20;ST21;ST03;ST04;ST18,2025-11-01,2025-11-25,High-demand SKU; simulated recent stockout window causes lost sales.
SKU00062,STOCKOUT_RISK,ST05;ST09;ST12;ST23;ST24;ST10;ST11;ST02;ST15;ST08;ST14;ST06;ST16,2025-12-05,2025-12-29,High-demand SKU; simulated recent stockout window causes lost sales.
SKU02740,STOCKOUT_RISK,ST27;ST03;ST01;ST13;ST15;ST06;ST04;ST07;ST09;ST16;ST26;ST22;ST29,2025-10-23,2025-11-08,High-demand SKU; simulated recent stockout window causes lost sales.
SKU00169,STOCKOUT_RISK,ST11;ST22;ST19;ST03;ST07;ST05;ST12;ST25;ST17;ST24;ST26;ST09;ST28;ST23,2025-10-26,2025-11-05,High-demand SKU; simulated recent stockout window causes lost sales.
SKU02538,STOCKOUT_RISK,ST23;ST19;ST30;ST12;ST08;ST17;ST11;ST24;ST28;ST01;ST22;ST05;ST14;ST25;ST16,2025-11-25,2025-12-16,High-demand SKU; simulated recent stockout window causes lost sales.
SKU03030,STOCKOUT_RISK,ST08;ST20;ST06;ST30;ST16;ST02;ST26;ST23;ST11;ST17;ST15;ST28;ST09;ST25;ST27;ST19;ST21;ST10,2025-12-14,2025-12-25,High-demand SKU; simulated recent stockout window causes lost sales.
SKU01507,STOCKOUT_RISK,ST20;ST24;ST03;ST18;ST13;ST29;ST11;ST22;ST30;ST02;ST08;ST28;ST06;ST01;ST27;ST09;ST14;ST15,2025-11-02,2025-11-13,High-demand SKU; simulated recent stockout window causes lost sales.
SKU03800,STOCKOUT_RISK,ST02;ST29;ST30;ST13;ST27;ST26;ST05;ST06;ST20;ST15;ST10;ST25;ST01,2025-12-05,2025-12-26,High-demand SKU; simulated recent stockout window causes lost sales.
SKU00500,STOCKOUT_RISK,ST20;ST16;ST12;ST07;ST06;ST29;ST17;ST22;ST03;ST24;ST01;ST09;ST21;ST25;ST28;ST14;ST19,2025-11-04,2025-11-25,High-demand SKU; simulated recent stockout window causes lost sales.
SKU04032,STOCKOUT_RISK,ST29;ST03;ST08;ST10;ST30;ST15;ST02;ST26;ST14;ST05,2025-11-14,2025-11-29,High-demand SKU; simulated recent stockout window causes lost sales.
SKU01677,STOCKOUT_RISK,ST14;ST15;ST11;ST27;ST23;ST07;ST16;ST13;ST02;ST09;ST25;ST06,2025-12-02,2025-12-14,High-demand SKU; simulated recent stockout window causes lost sales.
SKU02660,STOCKOUT_RISK,ST28;ST11;ST07;ST25;ST30;ST09;ST20;ST06;ST18;ST01;ST26;ST19;ST21;ST24;ST05;ST03;ST27,2025-11-28,2025-12-08,High-demand SKU; simulated recent stockout window causes lost sales.
SKU00774,STOCKOUT_RISK,ST01;ST29;ST17;ST11;ST24;ST08;ST27;ST03;ST09;ST04;ST10;ST14;ST13;ST26;ST19,2025-12-05,2025-12-15,High-demand SKU; simulated recent stockout window causes lost sales.
SKU02648,STOCKOUT_RISK,ST06;ST11;ST13;ST05;ST12;ST24;ST25;ST23;ST14;ST16;ST30;ST19;ST10;ST17;ST09;ST02;ST26;ST22,2025-11-15,2025-12-09,High-demand SKU; simulated recent stockout window causes lost sales.
SKU04105,STOCKOUT_RISK,ST27;ST05;ST24;ST22;ST07;ST26;ST01;ST18;ST10;ST02;ST13;ST29;ST21,2025-11-17,2025-11-30,High-demand SKU; simulated recent stockout window causes lost sales.
SKU01414,STOCKOUT_RISK,ST22;ST12;ST29;ST18;ST07;ST27;ST24;ST14;ST26;ST17;ST25;ST28;ST04;ST21;ST13;ST06,2025-11-16,2025-12-06,High-demand SKU; simulated recent stockout window causes lost sales.
SKU01578,STOCKOUT_RISK,ST26;ST21;ST18;ST09;ST23;ST15;ST17;ST08;ST30;ST05;ST13;ST12;ST27;ST28;ST16;ST22;ST19;ST10,2025-12-14,2025-12-27,High-demand SKU; simulated recent stockout window causes lost sales.
SKU02526,STOCKOUT_RISK,ST07;ST23;ST12;ST28;ST10;ST02;ST14;ST21;ST18;ST11;ST05,2025-10-26,2025-11-05,High-demand SKU; simulated recent stockout window causes lost sales.
SKU04453,STOCKOUT_RISK,ST30;ST23;ST28;ST27;ST03;ST13;ST10;ST25;ST16;ST21;ST18;ST05;ST09;ST22,2025-11-14,2025-12-10,High-demand SKU; simulated recent stockout window causes lost sales.
SKU03702,STOCKOUT_RISK,ST24;ST03;ST16;ST06;ST07;ST13;ST27;ST14;ST29;ST17,2025-11-08,2025-12-02,High-demand SKU; simulated recent stockout window causes lost sales.
SKU01048,STOCKOUT_RISK,ST19;ST01;ST15;ST10;ST02;ST13;ST04;ST11;ST16;ST20,2025-10-30,2025-11-27,High-demand SKU; simulated recent stockout window causes lost sales.
SKU01030,STOCKOUT_RISK,ST26;ST10;ST01;ST28;ST13;ST25;ST20;ST16;ST12;ST08;ST09;ST24;ST21,2025-10-25,2025-11-17,High-demand SKU; simulated recent stockout window causes lost sales.
SKU03053,STOCKOUT_RISK,ST15;ST19;ST28;ST16;ST27;ST13;ST07;ST21;ST11;ST03;ST18;ST06;ST23,2025-10-28,2025-11-14,High-demand SKU; simulated recent stockout window causes lost sales.
SKU02840,STOCKOUT_RISK,ST07;ST27;ST20;ST28;ST25;ST17;ST12;ST14;ST10,2025-12-11,2025-12-22,High-demand SKU; simulated recent stockout window causes lost sales.
SKU04318,STOCKOUT_RISK,ST14;ST04;ST20;ST07;ST26;ST17;ST24;ST15;ST21;ST10;ST06,2025-10-27,2025-11-13,High-demand SKU; simulated recent stockout window causes lost sales.
SKU00692,STOCKOUT_RISK,ST12;ST21;ST25;ST04;ST22;ST02;ST18;ST30;ST11,2025-12-14,2025-12-30,High-demand SKU; simulated recent stockout window causes lost sales.
SKU00263,STOCKOUT_RISK,ST29;ST06;ST13;ST14;ST09;ST22;ST21;ST05;ST23;ST24;ST12,2025-10-31,2025-11-10,High-demand SKU; simulated recent stockout window causes lost sales.
SKU04627,STOCKOUT_RISK,ST30;ST09;ST05;ST27;ST06;ST16;ST26;ST08;ST14;ST15,2025-12-09,2025-12-27,High-demand SKU; simulated recent stockout window causes lost sales.
SKU00484,STOCKOUT_RISK,ST17;ST07;ST16;ST04;ST01;ST21;ST26;ST10;ST29;ST15;ST14;ST13;ST19,2025-12-02,2025-12-24,High-demand SKU; simulated recent stockout window causes lost sales.
SKU02247,STOCKOUT_RISK,ST17;ST13;ST03;ST28;ST18;ST22;ST20;ST09;ST27;ST16;ST29;ST05;ST15;ST01;ST11;ST24;ST30,2025-10-29,2025-11-24,High-demand SKU; simulated recent stockout window causes lost sales.
SKU03546,STOCKOUT_RISK,ST14;ST04;ST13;ST06;ST27;ST02;ST22;ST01;ST25;ST19;ST17;ST18;ST24;ST03,2025-11-27,2025-12-14,High-demand SKU; simulated recent stockout window causes lost sales.
SKU01317,STOCKOUT_RISK,ST16;ST17;ST24;ST13;ST20;ST06;ST29;ST21;ST22;ST12;ST11;ST08;ST15;ST09;ST23;ST30,2025-10-26,2025-11-15,High-demand SKU; simulated recent stockout window causes lost sales.
SKU02340,STOCKOUT_RISK,ST21;ST07;ST06;ST23;ST22;ST18;ST09;ST25;ST10;ST20;ST24;ST17;ST27;ST12;ST16,2025-11-19,2025-12-12,High-demand SKU; simulated recent stockout window causes lost sales.
SKU01993,STOCKOUT_RISK,ST20;ST06;ST07;ST15;ST08;ST13;ST03;ST16;ST30,2025-10-28,2025-11-11,High-demand SKU; simulated recent stockout window causes lost sales.
SKU02449,STOCKOUT_RISK,ST04;ST11;ST01;ST09;ST18;ST12;ST03;ST13;ST28;ST16;ST27;ST29;ST19;ST30;ST08,2025-10-28,2025-11-19,High-demand SKU; simulated recent stockout window causes lost sales.
SKU01164,STOCKOUT_RISK,ST04;ST03;ST18;ST22;ST25;ST01;ST19;ST05;ST12,2025-10-20,2025-11-14,High-demand SKU; simulated recent stockout window causes lost sales.
SKU01152,STOCKOUT_RISK,ST07;ST26;ST18;ST22;ST05;ST13;ST08;ST20;ST11;ST06;ST21;ST01;ST03;ST04,2025-10-29,2025-11-09,High-demand SKU; simulated recent stockout window causes lost sales.
SKU04245,STOCKOUT_RISK,ST10;ST18;ST21;ST14;ST03;ST08;ST17;ST20;ST19;ST27,2025-11-29,2025-12-22,High-demand SKU; simulated recent stockout window causes lost sales.
SKU01009,STOCKOUT_RISK,ST19;ST03;ST04;ST01;ST29;ST21;ST16;ST22;ST27;ST09;ST18;ST17;ST26;ST15;ST23,2025-10-23,2025-11-12,High-demand SKU; simulated recent stockout window causes lost sales.
SKU01784,STOCKOUT_RISK,ST07;ST26;ST10;ST17;ST03;ST30;ST15;ST20;ST06;ST14;ST23;ST02;ST22,2025-10-19,2025-11-02,High-demand SKU; simulated recent stockout window causes lost sales.
SKU02531,STOCKOUT_RISK,ST15;ST07;ST30;ST16;ST05;ST06;ST23;ST04;ST18;ST11;ST12;ST27;ST20;ST10;ST22;ST09;ST25;ST01,2025-10-19,2025-11-17,High-demand SKU; simulated recent stockout window causes lost sales.
SKU00020,STOCKOUT_RISK,ST03;ST01;ST19;ST20;ST07;ST02;ST27;ST15;ST28;ST21;ST23;ST10;ST25,2025-12-02,2025-12-26,High-demand SKU; simulated recent stockout window causes lost sales.
SKU00539,STOCKOUT_RISK,ST01;ST09;ST24;ST21;ST05;ST11;ST27;ST17;ST25;ST16;ST03;ST10;ST19;ST23;ST07;ST20;ST13,2025-11-11,2025-12-01,High-demand SKU; simulated recent stockout window causes lost sales.
SKU03323,STOCKOUT_RISK,ST12;ST13;ST23;ST24;ST22;ST02;ST18;ST09;ST08;ST17;ST07;ST10;ST11;ST06;ST04,2025-10-29,2025-11-26,High-demand SKU; simulated recent stockout window causes lost sales.
SKU00929,STOCKOUT_RISK,ST05;ST09;ST28;ST24;ST21;ST15;ST19;ST03;ST23;ST10;ST17;ST02;ST29;ST11;ST26;ST07;ST06;ST14,2025-10-24,2025-11-15,High-demand SKU; simulated recent stockout window causes lost sales.
SKU02176,STOCKOUT_RISK,ST20;ST15;ST24;ST25;ST01;ST03;ST08;ST16;ST02;ST19;ST30;ST14;ST18,2025-11-05,2025-11-25,High-demand SKU; simulated recent stockout window causes lost sales.
SKU00976,STOCKOUT_RISK,ST09;ST11;ST01;ST26;ST21;ST18;ST30;ST17;ST13;ST28;ST24;ST23;ST19;ST10;ST16,2025-12-10,2025-12-29,High-demand SKU; simulated recent stockout window causes lost sales.
SKU02462,STOCKOUT_RISK,ST24;ST22;ST17;ST03;ST11;ST19;ST21;ST14;ST25;ST16;ST01;ST28;ST13,2025-10-22,2025-11-08,High-demand SKU; simulated recent stockout window causes lost sales.
SKU01138,STOCKOUT_RISK,ST29;ST28;ST08;ST02;ST23;ST21;ST13;ST11;ST14;ST30;ST19;ST01;ST24;ST12;ST25,2025-11-21,2025-12-14,High-demand SKU; simulated recent stockout window causes lost sales.
SKU00628,STOCKOUT_RISK,ST01;ST27;ST19;ST29;ST07;ST18;ST10;ST12;ST26;ST30,2025-11-30,2025-12-14,High-demand SKU; simulated recent stockout window causes lost sales.
SKU02355,STOCKOUT_RISK,ST23;ST10;ST22;ST20;ST17;ST03;ST12;ST16;ST28;ST04;ST15,2025-12-04,2025-12-27,High-demand SKU; simulated recent stockout window causes lost sales.
SKU02543,STOCKOUT_RISK,ST11;ST17;ST06;ST23;ST22;ST26;ST27;ST05;ST07;ST03;ST04;ST28;ST10;ST30;ST24;ST02;ST14,2025-12-02,2025-12-31,High-demand SKU; simulated recent stockout window causes lost sales.
SKU04016,STOCKOUT_RISK,ST01;ST27;ST30;ST03;ST20;ST19;ST17;ST14;ST12;ST04;ST26;ST11;ST23;ST29;ST28;ST25;ST13;ST07,2025-11-27,2025-12-16,High-demand SKU; simulated recent stockout window causes lost sales.
SKU00177,STOCKOUT_RISK,ST19;ST12;ST24;ST21;ST26;ST13;ST05;ST08;ST22;ST09,2025-11-14,2025-11-26,High-demand SKU; simulated recent stockout window causes lost sales.
SKU04041,STOCKOUT_RISK,ST20;ST23;ST05;ST09;ST04;ST08;ST25;ST12;ST03;ST15,2025-11-12,2025-11-28,High-demand SKU; simulated recent stockout window causes lost sales.
SKU02155,STOCKOUT_RISK,ST07;ST11;ST14;ST21;ST28;ST20;ST12;ST03;ST27;ST23;ST02,2025-12-09,2025-12-27,High-demand SKU; simulated recent stockout window causes lost sales.
SKU01363,STOCKOUT_RISK,ST26;ST16;ST30;ST20;ST24;ST11;ST22;ST23;ST15,2025-11-14,2025-12-13,High-demand SKU; simulated recent stockout window causes lost sales.
SKU00974,STOCKOUT_RISK,ST12;ST07;ST11;ST20;ST25;ST03;ST30;ST21;ST04;ST09;ST13;ST18;ST16,2025-10-28,2025-11-07,High-demand SKU; simulated recent stockout window causes lost sales.
SKU03535,STOCKOUT_RISK,ST07;ST30;ST08;ST13;ST02;ST24;ST27;ST01;ST23;ST29;ST17;ST05;ST20;ST12;ST19,2025-12-01,2025-12-29,High-demand SKU; simulated recent stockout window causes lost sales.
SKU00050,STOCKOUT_RISK,ST16;ST21;ST20;ST09;ST08;ST27;ST06;ST28;ST13,2025-11-30,2025-12-19,High-demand SKU; simulated recent stockout window causes lost sales.
SKU00369,STOCKOUT_RISK,ST22;ST17;ST19;ST11;ST13;ST16;ST10;ST25;ST23;ST01;ST07;ST27,2025-12-14,2025-12-26,High-demand SKU; simulated recent stockout window causes lost sales.
SKU04562,STOCKOUT_RISK,ST19;ST13;ST10;ST18;ST22;ST28;ST25;ST03;ST26;ST21;ST17;ST12,2025-10-25,2025-11-10,High-demand SKU; simulated recent stockout window causes lost sales.
SKU02482,STOCKOUT_RISK,ST02;ST20;ST06;ST30;ST07;ST05;ST29;ST24;ST28;ST27;ST01;ST10;ST09;ST13;ST12,2025-11-16,2025-11-29,High-demand SKU; simulated recent stockout window causes lost sales.
SKU00996,STOCKOUT_RISK,ST04;ST20;ST23;ST09;ST27;ST13;ST25;ST05;ST24;ST28;ST19;ST07;ST10;ST08;ST17;ST26;ST22,2025-12-03,2025-12-13,High-demand SKU; simulated recent stockout window causes lost sales.
SKU00363,STOCKOUT_RISK,ST19;ST21;ST22;ST14;ST24;ST03;ST30;ST16;ST27;ST12;ST26;ST15,2025-11-19,2025-12-16,High-demand SKU; simulated recent stockout window causes lost sales.
SKU02640,STOCKOUT_RISK,ST02;ST14;ST11;ST03;ST25;ST16;ST05;ST22;ST09;ST19;ST10;ST21;ST20;ST08;ST12,2025-11-02,2025-11-18,High-demand SKU; simulated recent stockout window causes lost sales.
SKU03353,STOCKOUT_RISK,ST27;ST08;ST02;ST04;ST13;ST14;ST20;ST30;ST22;ST15;ST24;ST06;ST03;ST16;ST23;ST25;ST29;ST05,2025-10-20,2025-11-17,High-demand SKU; simulated recent stockout window causes lost sales.
SKU03425,STOCKOUT_RISK,ST15;ST19;ST29;ST07;ST02;ST23;ST11;ST21;ST13;ST01,2025-12-15,2025-12-26,High-demand SKU; simulated recent stockout window causes lost sales.
SKU02401,STOCKOUT_RISK,ST25;ST22;ST12;ST23;ST08;ST17;ST29;ST26;ST02;ST28,2025-12-01,2025-12-16,High-demand SKU; simulated recent stockout window causes lost sales.
SKU03743,STOCKOUT_RISK,ST18;ST27;ST13;ST12;ST08;ST01;ST23;ST22;ST28;ST16;ST10;ST14;ST25;ST17;ST20;ST26;ST03;ST29,2025-10-29,2025-11-16,High-demand SKU; simulated recent stockout window causes lost sales.
SKU00728,STOCKOUT_RISK,ST29;ST03;ST25;ST14;ST15;ST26;ST01;ST09;ST18,2025-12-15,2025-12-28,High-demand SKU; simulated recent stockout window causes lost sales.
SKU03063,STOCKOUT_RISK,ST27;ST14;ST16;ST04;ST01;ST18;ST12;ST13;ST24;ST21,2025-11-25,2025-12-24,High-demand SKU; simulated recent stockout window causes lost sales.
SKU03259,STOCKOUT_RISK,ST26;ST04;ST25;ST24;ST20;ST10;ST01;ST23;ST28;ST02;ST18;ST11;ST13;ST07;ST06,2025-11-18,2025-11-30,High-demand SKU; simulated recent stockout window causes lost sales.
SKU00254,STOCKOUT_RISK,ST27;ST02;ST13;ST14;ST04;ST21;ST24;ST28;ST01;ST30;ST16;ST20;ST03;ST15,2025-11-26,2025-12-17,High-demand SKU; simulated recent stockout window causes lost sales.
SKU02737,STOCKOUT_RISK,ST24;ST15;ST27;ST14;ST26;ST21;ST07;ST29;ST17;ST20;ST03;ST10;ST28;ST06;ST12;ST05;ST22;ST23,2025-10-20,2025-11-13,High-demand SKU; simulated recent stockout window causes lost sales.
SKU04646,STOCKOUT_RISK,ST04;ST17;ST01;ST10;ST12;ST18;ST06;ST26;ST25,2025-11-24,2025-12-22,High-demand SKU; simulated recent stockout window causes lost sales.
SKU02776,STOCKOUT_RISK,ST22;ST15;ST09;ST01;ST10;ST18;ST02;ST21;ST03;ST06;ST05;ST26;ST14,2025-12-10,2025-12-28,High-demand SKU; simulated recent stockout window causes lost sales.
SKU03578,STOCKOUT_RISK,ST16;ST03;ST22;ST04;ST30;ST08;ST17;ST12;ST29;ST15;ST24;ST27;ST25;ST02;ST13;ST07,2025-10-20,2025-11-07,High-demand SKU; simulated recent stockout window causes lost sales.
SKU00506,STOCKOUT_RISK,ST10;ST20;ST07;ST05;ST16;ST24;ST02;ST28;ST15;ST12;ST11;ST08,2025-11-23,2025-12-15,High-demand SKU; simulated recent stockout window causes lost sales.
SKU02950,STOCKOUT_RISK,ST08;ST06;ST12;ST29;ST05;ST04;ST09;ST30;ST28;ST03;ST07;ST19;ST17,2025-10-31,2025-11-10,High-demand SKU; simulated recent stockout window causes lost sales.
SKU04046,STOCKOUT_RISK,ST09;ST04;ST19;ST12;ST23;ST02;ST11;ST22;ST14;ST20;ST05;ST15,2025-11-11,2025-11-29,High-demand SKU; simulated recent stockout window causes lost sales.
SKU04362,STOCKOUT_RISK,ST01;ST16;ST17;ST13;ST25;ST22;ST28;ST18;ST03;ST15;ST02;ST08;ST09;ST20;ST12;ST11;ST14,2025-12-09,2025-12-23,High-demand SKU; simulated recent stockout window causes lost sales.
SKU01751,STOCKOUT_RISK,ST27;ST19;ST26;ST16;ST04;ST01;ST10;ST24;ST03;ST17;ST07;ST15;ST22;ST14;ST28;ST18;ST29;ST23,2025-11-17,2025-12-13,High-demand SKU; simulated recent stockout window causes lost sales.
SKU00531,STOCKOUT_RISK,ST07;ST10;ST27;ST26;ST22;ST01;ST03;ST17;ST05;ST06;ST16;ST12;ST18;ST28,2025-11-10,2025-11-30,High-demand SKU; simulated recent stockout window causes lost sales.
SKU03274,STOCKOUT_RISK,ST12;ST19;ST01;ST25;ST07;ST23;ST04;ST06;ST05;ST21;ST14;ST13;ST08;ST26;ST30;ST28,2025-11-01,2025-11-30,High-demand SKU; simulated recent stockout window causes lost sales.
SKU04847,STOCKOUT_RISK,ST01;ST30;ST14;ST04;ST15;ST24;ST03;ST22;ST19;ST27;ST11;ST06;ST02;ST28,2025-12-13,2025-12-30,High-demand SKU; simulated recent stockout window causes lost sales.
SKU03057,STOCKOUT_RISK,ST14;ST05;ST22;ST19;ST12;ST01;ST25;ST20;ST06;ST24;ST02;ST07;ST10;ST16;ST04;ST26,2025-11-15,2025-12-01,High-demand SKU; simulated recent stockout window causes lost sales.
SKU02614,STOCKOUT_RISK,ST04;ST07;ST12;ST11;ST10;ST29;ST03;ST27;ST05;ST13;ST21,2025-11-10,2025-11-24,High-demand SKU; simulated recent stockout window causes lost sales.
SKU02484,STOCKOUT_RISK,ST02;ST19;ST11;ST22;ST04;ST09;ST21;ST03;ST14;ST06;ST25;ST12;ST10;ST13;ST01,2025-11-22,2025-12-19,High-demand SKU; simulated recent stockout window causes lost sales.
SKU02088,STOCKOUT_RISK,ST20;ST04;ST03;ST17;ST26;ST10;ST18;ST19;ST15;ST05;ST24;ST09,2025-12-02,2025-12-25,High-demand SKU; simulated recent stockout window causes lost sales.
SKU01988,STOCKOUT_RISK,ST03;ST15;ST23;ST07;ST11;ST10;ST18;ST13;ST21,2025-10-22,2025-11-20,High-demand SKU; simulated recent stockout window causes lost sales.
SKU04824,STOCKOUT_RISK,ST13;ST11;ST28;ST06;ST15;ST27;ST21;ST03;ST18;ST25;ST01;ST10;ST29,2025-11-03,2025-11-26,High-demand SKU; simulated recent stockout window causes lost sales.
SKU04315,STOCKOUT_RISK,ST12;ST22;ST23;ST24;ST15;ST06;ST10;ST05;ST28;ST09;ST04;ST25;ST11;ST13;ST14;ST01;ST03;ST30,2025-11-06,2025-11-16,High-demand SKU; simulated recent stockout window causes lost sales.
SKU03476,STOCKOUT_RISK,ST09;ST06;ST27;ST14;ST25;ST04;ST07;ST26;ST12;ST24;ST19;ST11;ST02;ST01;ST17;ST16,2025-10-24,2025-11-04,High-demand SKU; simulated recent stockout window causes lost sales.
SKU03633,STOCKOUT_RISK,ST25;ST30;ST08;ST06;ST05;ST27;ST11;ST19;ST29;ST12;ST17;ST14;ST13;ST18,2025-12-13,2025-12-29,High-demand SKU; simulated recent stockout window causes lost sales.
SKU02079,STOCKOUT_RISK,ST24;ST06;ST30;ST07;ST26;ST04;ST10;ST05;ST17;ST28;ST09;ST08;ST13;ST29;ST25;ST14,2025-10-24,2025-11-08,High-demand SKU; simulated recent stockout window causes lost sales.
SKU04626,STOCKOUT_RISK,ST08;ST28;ST27;ST22;ST23;ST06;ST29;ST30;ST09;ST10,2025-11-08,2025-12-04,High-demand SKU; simulated recent stockout window causes lost sales.
SKU02983,STOCKOUT_RISK,ST08;ST07;ST18;ST01;ST21;ST20;ST11;ST26;ST19;ST17;ST16;ST05,2025-12-02,2025-12-29,High-demand SKU; simulated recent stockout window causes lost sales.
SKU04489,STOCKOUT_RISK,ST02;ST22;ST03;ST04;ST17;ST30;ST08;ST06;ST21;ST23;ST27,2025-10-20,2025-11-03,High-demand SKU; simulated recent stockout window causes lost sales.
SKU04012,STOCKOUT_RISK,ST23;ST05;ST01;ST28;ST30;ST18;ST03;ST27;ST17,2025-10-27,2025-11-15,High-demand SKU; simulated recent stockout window causes lost sales.
SKU02923,STOCKOUT_RISK,ST08;ST03;ST22;ST23;ST29;ST30;ST14;ST15;ST04;ST12;ST01,2025-11-11,2025-12-02,High-demand SKU; simulated recent stockout window causes lost sales.
SKU00538,STOCKOUT_RISK,ST20;ST03;ST12;ST14;ST04;ST19;ST23;ST26;ST11;ST27;ST30;ST22;ST13;ST06,2025-12-15,2025-12-25,High-demand SKU; simulated recent stockout window causes lost sales.
SKU03876,STOCKOUT_RISK,ST29;ST21;ST26;ST14;ST20;ST25;ST17;ST07;ST30;ST11;ST08;ST06,2025-11-08,2025-11-29,High-demand SKU; simulated recent stockout window causes lost sales.
SKU02046,STOCKOUT_RISK,ST10;ST18;ST11;ST04;ST01;ST23;ST08;ST25;ST15;ST20;ST22;ST21;ST13;ST02;ST12;ST06;ST17,2025-10-28,2025-11-20,High-demand SKU; simulated recent stockout window causes lost sales.
SKU01021,STOCKOUT_RISK,ST25;ST19;ST24;ST28;ST12;ST14;ST20;ST04;ST21;ST11;ST06;ST23;ST01;ST15;ST10;ST05,2025-12-13,2025-12-24,High-demand SKU; simulated recent stockout window causes lost sales.
SKU00416,STOCKOUT_RISK,ST13;ST14;ST07;ST17;ST24;ST20;ST01;ST11;ST05;ST03;ST23;ST15;ST16;ST02;ST08;ST28;ST26;ST10,2025-10-20,2025-11-13,High-demand SKU; simulated recent stockout window causes lost sales.
SKU04346,STOCKOUT_RISK,ST18;ST12;ST24;ST04;ST30;ST02;ST19;ST15;ST01;ST06;ST27;ST23;ST10;ST13;ST26;ST21;ST25,2025-10-20,2025-10-30,High-demand SKU; simulated recent stockout window causes lost sales.
SKU04280,STOCKOUT_RISK,ST18;ST29;ST19;ST14;ST13;ST02;ST23;ST28;ST26;ST10;ST15;ST27;ST21;ST25;ST16,2025-11-04,2025-11-20,High-demand SKU; simulated recent stockout window causes lost sales.
SKU00328,STOCKOUT_RISK,ST14;ST22;ST17;ST11;ST26;ST16;ST24;ST08;ST21;ST20;ST03;ST04;ST12,2025-10-20,2025-11-18,High-demand SKU; simulated recent stockout window causes lost sales.
SKU01662,STOCKOUT_RISK,ST29;ST25;ST07;ST14;ST17;ST12;ST27;ST19;ST24;ST01;ST06;ST03;ST21,2025-12-16,2025-12-31,High-demand SKU; simulated recent stockout window causes lost sales.
SKU04305,STOCKOUT_RISK,ST16;ST08;ST27;ST24;ST18;ST15;ST02;ST12;ST11;ST09;ST19;ST30;ST10,2025-12-12,2025-12-30,High-demand SKU; simulated recent stockout window causes lost sales.
SKU04348,STOCKOUT_RISK,ST02;ST03;ST21;ST07;ST15;ST17;ST25;ST10;ST12;ST29;ST01;ST04,2025-11-01,2025-11-29,High-demand SKU; simulated recent stockout window causes lost sales.
SKU00291,STOCKOUT_RISK,ST11;ST06;ST29;ST19;ST05;ST30;ST09;ST08;ST17,2025-12-03,2025-12-19,High-demand SKU; simulated recent stockout window causes lost sales.
SKU02657,STOCKOUT_RISK,ST16;ST01;ST28;ST18;ST19;ST15;ST26;ST06;ST05;ST24;ST02;ST14;ST23;ST25;ST04;ST20,2025-11-24,2025-12-07,High-demand SKU; simulated recent stockout window causes lost sales.
SKU04476,STOCKOUT_RISK,ST27;ST11;ST23;ST13;ST17;ST19;ST21;ST12;ST01;ST14,2025-11-30,2025-12-20,High-demand SKU; simulated recent stockout window causes lost sales.
SKU01438,STOCKOUT_RISK,ST21;ST16;ST27;ST07;ST12;ST24;ST09;ST22;ST08;ST15,2025-12-06,2025-12-17,High-demand SKU; simulated recent stockout window causes lost sales.
SKU02268,STOCKOUT_RISK,ST24;ST07;ST23;ST19;ST15;ST03;ST11;ST21;ST18;ST29;ST04;ST20;ST25;ST06;ST14;ST22;ST12,2025-10-21,2025-11-10,High-demand SKU; simulated recent stockout window causes lost sales.
SKU02833,STOCKOUT_RISK,ST06;ST17;ST16;ST11;ST15;ST23;ST26;ST05;ST14;ST27;ST30;ST19;ST09;ST29;ST01;ST20;ST03,2025-11-24,2025-12-07,High-demand SKU; simulated recent stockout window causes lost sales.
SKU02898,STOCKOUT_RISK,ST23;ST01;ST11;ST19;ST10;ST12;ST06;ST04;ST07;ST09;ST29;ST27;ST25;ST28;ST24;ST16,2025-12-10,2025-12-27,High-demand SKU; simulated recent stockout window causes lost sales.
SKU03693,STOCKOUT_RISK,ST02;ST18;ST14;ST06;ST12;ST19;ST07;ST04;ST26;ST25;ST08;ST22;ST03;ST16;ST09;ST24;ST20;ST15,2025-12-18,2025-12-31,High-demand SKU; simulated recent stockout window causes lost sales.
SKU01170,STOCKOUT_RISK,ST15;ST11;ST28;ST22;ST21;ST10;ST24;ST05;ST30;ST20;ST12;ST18;ST26;ST16;ST03,2025-12-08,2025-12-26,High-demand SKU; simulated recent stockout window causes lost sales.
SKU04140,STOCKOUT_RISK,ST03;ST12;ST18;ST06;ST30;ST13;ST29;ST05;ST19;ST09;ST08,2025-12-07,2025-12-17,High-demand SKU; simulated recent stockout window causes lost sales.
SKU02503,STOCKOUT_RISK,ST06;ST25;ST17;ST14;ST10;ST11;ST26;ST19;ST12;ST16;ST08;ST21;ST01;ST30;ST03;ST27,2025-11-11,2025-12-10,High-demand SKU; simulated recent stockout window causes lost sales.
SKU04710,STOCKOUT_RISK,ST07;ST24;ST29;ST18;ST19;ST01;ST14;ST10;ST17;ST03;ST20,2025-10-27,2025-11-23,High-demand SKU; simulated recent stockout window causes lost sales.
SKU02826,STOCKOUT_RISK,ST21;ST12;ST27;ST24;ST18;ST03;ST17;ST13;ST25;ST10;ST29;ST20;ST09;ST08,2025-10-19,2025-11-01,High-demand SKU; simulated recent stockout window causes lost sales.
SKU02683,STOCKOUT_RISK,ST19;ST12;ST09;ST28;ST29;ST07;ST27;ST08;ST30;ST23;ST22;ST10,2025-11-09,2025-11-30,High-demand SKU; simulated recent stockout window causes lost sales.
SKU03870,STOCKOUT_RISK,ST12;ST17;ST22;ST23;ST20;ST21;ST26;ST25;ST01;ST13;ST28;ST04;ST15;ST03;ST10;ST07,2025-11-20,2025-12-06,High-demand SKU; simulated recent stockout window causes lost sales.
SKU01547,STOCKOUT_RISK,ST05;ST08;ST04;ST22;ST19;ST21;ST25;ST07;ST23;ST24;ST16;ST27;ST03,2025-11-17,2025-12-02,High-demand SKU; simulated recent stockout window causes lost sales.
SKU02068,STOCKOUT_RISK,ST21;ST04;ST11;ST25;ST28;ST17;ST14;ST01;ST10;ST22;ST30;ST02;ST19;ST05;ST24,2025-11-17,2025-12-14,High-demand SKU; simulated recent stockout window causes lost sales.
SKU04663,STOCKOUT_RISK,ST15;ST24;ST21;ST01;ST09;ST20;ST23;ST29;ST08;ST22;ST11;ST27;ST19;ST10;ST16;ST17;ST05,2025-11-03,2025-11-13,High-demand SKU; simulated recent stockout window causes lost sales.
SKU02381,STOCKOUT_RISK,ST13;ST28;ST14;ST07;ST20;ST22;ST04;ST16;ST21;ST26;ST10;ST17;ST30;ST19;ST03;ST08;ST29;ST24,2025-10-31,2025-11-14,High-demand SKU; simulated recent stockout window causes lost sales.
SKU04783,STOCKOUT_RISK,ST28;ST12;ST07;ST30;ST05;ST14;ST20;ST29;ST13;ST23;ST09;ST25;ST18;ST04;ST01;ST24;ST15,2025-11-18,2025-11-29,High-demand SKU; simulated recent stockout window causes lost sales.
SKU04035,STOCKOUT_RISK,ST24;ST17;ST29;ST25;ST10;ST28;ST12;ST18;ST14;ST26;ST04;ST03;ST22;ST15;ST27;ST20,2025-11-29,2025-12-17,High-demand SKU; simulated recent stockout window causes lost sales.
SKU01485,STOCKOUT_RISK,ST06;ST05;ST23;ST03;ST09;ST24;ST19;ST13;ST21;ST08;ST07;ST16,2025-10-29,2025-11-13,High-demand SKU; simulated recent stockout window causes lost sales.
SKU04574,STOCKOUT_RISK,ST05;ST03;ST20;ST24;ST29;ST22;ST09;ST10;ST26;ST15,2025-12-13,2025-12-31,High-demand SKU; simulated recent stockout window causes lost sales.
SKU00823,STOCKOUT_RISK,ST30;ST27;ST05;ST11;ST29;ST17;ST25;ST12;ST04;ST10;ST28;ST26,2025-11-23,2025-12-10,High-demand SKU; simulated recent stockout window causes lost sales.
SKU04273,STOCKOUT_RISK,ST28;ST20;ST12;ST13;ST19;ST10;ST15;ST04;ST07;ST25,2025-11-24,2025-12-17,High-demand SKU; simulated recent stockout window causes lost sales.
SKU00445,STOCKOUT_RISK,ST29;ST10;ST06;ST04;ST22;ST13;ST08;ST12;ST28;ST21;ST26;ST05;ST18;ST01,2025-11-10,2025-12-02,High-demand SKU; simulated recent stockout window causes lost sales.
SKU01466,STOCKOUT_RISK,ST29;ST26;ST02;ST23;ST28;ST22;ST27;ST08;ST13;ST01;ST04;ST03;ST18;ST11;ST10,2025-12-12,2025-12-28,High-demand SKU; simulated recent stockout window causes lost sales.
SKU01153,STOCKOUT_RISK,ST17;ST09;ST25;ST16;ST21;ST03;ST07;ST14;ST29;ST01;ST22;ST20;ST26;ST05;ST30;ST18;ST24;ST06,2025-11-21,2025-12-03,High-demand SKU; simulated recent stockout window causes lost sales.
SKU03199,STOCKOUT_RISK,ST14;ST16;ST12;ST25;ST22;ST24;ST07;ST15;ST11;ST21;ST19;ST27;ST29;ST04;ST30;ST01,2025-12-17,2025-12-27,High-demand SKU; simulated recent stockout window causes lost sales.
SKU02333,STOCKOUT_RISK,ST08;ST07;ST06;ST30;ST16;ST28;ST25;ST13;ST03;ST01,2025-10-20,2025-11-08,High-demand SKU; simulated recent stockout window causes lost sales.
SKU03622,STOCKOUT_RISK,ST26;ST21;ST02;ST13;ST19;ST04;ST22;ST24;ST18;ST01,2025-11-12,2025-11-26,High-demand SKU; simulated recent stockout window causes lost sales.
SKU01685,STOCKOUT_RISK,ST04;ST05;ST06;ST01;ST20;ST22;ST15;ST26;ST09;ST11;ST10,2025-11-03,2025-11-27,High-demand SKU; simulated recent stockout window causes lost sales.
SKU03812,STOCKOUT_RISK,ST03;ST09;ST23;ST24;ST16;ST27;ST18;ST21;ST19;ST22;ST07;ST30;ST08;ST06;ST04,2025-11-20,2025-12-15,High-demand SKU; simulated recent stockout window causes lost sales.
SKU02532,STOCKOUT_RISK,ST17;ST11;ST01;ST24;ST04;ST27;ST23;ST16;ST18;ST30;ST29,2025-10-23,2025-11-03,High-demand SKU; simulated recent stockout window causes lost sales.
SKU00830,STOCKOUT_RISK,ST19;ST28;ST02;ST18;ST22;ST06;ST15;ST01;ST04;ST16;ST20;ST13;ST08;ST05;ST14;ST29;ST27;ST10,2025-11-03,2025-11-19,High-demand SKU; simulated recent stockout window causes lost sales.
SKU00832,STOCKOUT_RISK,ST25;ST07;ST08;ST01;ST30;ST23;ST24;ST14;ST06;ST29;ST27;ST03;ST26;ST16;ST13;ST22,2025-10-27,2025-11-19,High-demand SKU; simulated recent stockout window causes lost sales.
SKU03851,STOCKOUT_RISK,ST02;ST26;ST13;ST22;ST17;ST15;ST07;ST08;ST18;ST27;ST14;ST03;ST16;ST05;ST04;ST10,2025-10-23,2025-11-15,High-demand SKU; simulated recent stockout window causes lost sales.
SKU04633,STOCKOUT_RISK,ST20;ST04;ST01;ST29;ST17;ST26;ST21;ST28;ST23;ST16;ST06;ST27,2025-11-04,2025-12-03,High-demand SKU; simulated recent stockout window causes lost sales.
SKU04126,STOCKOUT_RISK,ST02;ST16;ST15;ST06;ST27;ST14;ST28;ST08;ST09;ST05;ST01;ST25;ST04;ST18;ST12,2025-11-28,2025-12-19,High-demand SKU; simulated recent stockout window causes lost sales.
SKU01370,STOCKOUT_RISK,ST12;ST25;ST13;ST22;ST27;ST16;ST04;ST20;ST18;ST19;ST30;ST07;ST11;ST26;ST03;ST15;ST24;ST01,2025-11-01,2025-11-11,High-demand SKU; simulated recent stockout window causes lost sales.
SKU03171,STOCKOUT_RISK,ST30;ST22;ST02;ST27;ST20;ST04;ST28;ST11;ST14;ST25;ST07;ST26;ST17;ST16;ST03;ST23,2025-11-07,2025-12-05,High-demand SKU; simulated recent stockout window causes lost sales.
SKU04756,STOCKOUT_RISK,ST26;ST05;ST18;ST21;ST29;ST25;ST01;ST20;ST24;ST04;ST06,2025-11-02,2025-11-15,High-demand SKU; simulated recent stockout window causes lost sales.
SKU00721,SLOW_MOVER,ST11;ST10;ST06;ST29;ST05;ST24;ST14;ST30;ST08;ST09;ST03;ST04;ST07;ST02;ST26;ST27;ST21;ST25,,,Chronically low-demand SKU; overstocked with aging inventory.
SKU03220,SLOW_MOVER,ST10;ST15;ST14;ST24;ST25;ST01;ST21;ST13;ST19;ST20;ST27;ST04;ST29;ST09;ST08;ST28;ST23;ST03;ST30;ST22;ST18;ST02;ST12,,,Chronically low-demand SKU; overstocked with aging inventory.
SKU03749,SLOW_MOVER,ST26;ST29;ST23;ST12;ST14;ST21;ST03;ST08;ST11;ST09;ST07;ST10;ST02;ST01;ST30;ST18;ST27;ST20;ST15;ST25;ST05;ST19,,,Chronically low-demand SKU; overstocked with aging inventory.
SKU02209,SLOW_MOVER,ST01;ST30;ST18;ST11;ST24;ST03;ST19;ST29;ST14;ST25;ST26;ST20;ST10;ST15;ST12;ST06;ST02;ST13;ST22;ST08;ST23;ST27;ST05;ST09;ST17;ST16;ST07;ST04,,,Chronically low-demand SKU; overstocked with aging inventory.
SKU00170,SLOW_MOVER,ST15;ST30;ST03;ST25;ST28;ST07;ST23;ST01;ST14;ST11;ST13;ST12;ST20;ST05;ST26;ST22;ST09;ST04;ST29;ST19;ST16;ST18;ST06;ST17;ST21;ST10;ST24;ST08;ST27,,,Chronically low-demand SKU; overstocked with aging inventory.
SKU00052,SLOW_MOVER,ST13;ST26;ST06;ST20;ST25;ST10;ST07;ST02;ST28;ST09;ST22;ST19;ST30;ST16;ST17;ST23;ST05;ST15;ST04;ST21;ST27,,,Chronically low-demand SKU; overstocked with aging inventory.
SKU04791,SLOW_MOVER,ST08;ST05;ST16;ST29;ST30;ST09;ST19;ST13;ST24;ST21;ST02;ST17;ST14;ST23;ST18;ST28;ST27;ST26;ST01;ST11;ST25;ST07;ST12;ST06,,,Chronically low-demand SKU; overstocked with aging inventory.
SKU00631,SLOW_MOVER,ST16;ST26;ST14;ST15;ST08;ST07;ST29;ST13;ST19;ST18;ST22;ST05;ST27;ST01;ST02,,,Chronically low-demand SKU; overstocked with aging inventory.
SKU01428,SLOW_MOVER,ST03;ST21;ST29;ST23;ST30;ST06;ST17;ST10;ST01;ST18;ST05;ST22;ST13;ST26;ST27;ST25;ST15;ST07;ST02;ST24;ST19;ST04;ST11;ST09;ST08;ST28,,,Chronically low-demand SKU; overstocked with aging inventory.
SKU02728,SLOW_MOVER,ST04;ST21;ST10;ST20;ST16;ST14;ST03;ST17;ST28;ST29;ST05;ST30;ST02;ST26;ST25;ST15;ST24;ST11;ST22;ST07;ST27;ST19;ST13;ST08;ST23;ST09;ST18;ST06;ST01;ST12,,,Chronically low-demand SKU; overstocked with aging inventory.
SKU03210,SLOW_MOVER,ST23;ST15;ST07;ST17;ST18;ST26;ST20;ST12;ST14;ST24;ST02;ST28;ST16;ST05;ST04;ST30;ST10;ST27;ST21;ST25;ST09,,,Chronically low-demand SKU; overstocked with aging inventory.
SKU04945,SLOW_MOVER,ST10;ST01;ST09;ST30;ST02;ST08;ST13;ST04;ST18;ST27;ST23;ST05;ST11;ST28;ST17;ST16,,,Chronically low-demand SKU; overstocked with aging inventory.
SKU01939,SLOW_MOVER,ST21;ST30;ST09;ST15;ST27;ST06;ST07;ST11;ST13;ST22;ST14;ST28;ST23;ST25;ST05;ST18;ST17;ST29;ST01;ST10;ST24;ST20;ST02,,,Chronically low-demand SKU; overstocked with aging inventory.
SKU03031,SLOW_MOVER,ST26;ST03;ST30;ST18;ST07;ST15;ST27;ST10;ST28;ST21;ST14;ST01;ST09;ST08;ST20;ST05;ST02;ST16;ST06;ST12;ST11;ST13;ST04;ST23;ST17;ST29;ST22;ST19;ST24,,,Chronically low-demand SKU; overstocked with aging inventory.
SKU01423,SLOW_MOVER,ST22;ST26;ST17;ST07;ST11;ST03;ST28;ST21;ST09;ST13;ST29;ST27;ST15;ST08;ST20;ST02;ST16;ST25;ST14;ST23;ST05;ST30;ST04;ST24,,,Chronically low-demand SKU; overstocked with aging inventory.
SKU00821,SLOW_MOVER,ST15;ST04;ST17;ST02;ST16;ST28;ST22;ST08;ST25;ST27;ST14;ST05;ST06;ST23;ST10;ST01;ST07;ST03;ST13;ST24;ST19;ST20;ST12;ST18;ST11;ST21;ST30,,,Chronically low-demand SKU; overstocked with aging inventory.
SKU03562,SLOW_MOVER,ST12;ST05;ST18;ST04;ST08;ST28;ST29;ST27;ST21;ST13;ST10;ST06;ST01;ST30;ST25;ST02;ST11;ST17;ST16;ST19;ST23;ST22;ST09;ST20;ST07;ST24;ST14,,,Chronically low-demand SKU; overstocked with aging inventory.
SKU00589,SLOW_MOVER,ST26;ST04;ST30;ST01;ST29;ST22;ST11;ST27;ST06;ST08;ST07;ST19;ST09;ST03;ST14;ST21;ST17;ST13;ST23,,,Chronically low-demand SKU; overstocked with aging inventory.
SKU04054,SLOW_MOVER,ST17;ST14;ST11;ST29;ST12;ST06;ST21;ST01;ST09;ST10;ST27;ST30;ST26;ST23;ST20;ST07;ST15;ST19;ST08;ST24;ST04;ST05;ST02;ST18;ST03;ST28;ST13;ST22;ST25;ST16,,,Chronically low-demand SKU; overstocked with aging inventory.
SKU00389,SLOW_MOVER,ST25;ST20;ST04;ST18;ST22;ST12;ST24;ST21;ST19;ST05;ST30;ST27;ST26;ST03;ST02;ST29;ST28;ST07;ST23;ST08;ST13;ST16;ST15;ST17;ST11,,,Chronically low-demand SKU; overstocked with aging inventory.
SKU03574,SLOW_MOVER,ST22;ST29;ST01;ST21;ST17;ST10;ST08;ST25;ST11;ST05;ST13;ST06;ST03;ST09;ST26;ST15;ST02;ST30;ST28;ST24;ST20,,,Chronically low-demand SKU; overstocked with aging inventory.
SKU04102,SLOW_MOVER,ST16;ST20;ST02;ST01;ST07;ST18;ST05;ST22;ST26;ST25;ST03;ST09;ST06;ST23;ST17,,,Chronically low-demand SKU; overstocked with aging inventory.
SKU00532,SLOW_MOVER,ST25;ST04;ST17;ST11;ST13;ST16;ST21;ST06;ST01;ST08;ST05;ST09;ST14;ST23;ST29;ST19;ST12;ST27;ST10;ST18;ST26;ST22;ST07;ST30;ST02;ST15;ST20;ST03,,,Chronically low-demand SKU; overstocked with aging inventory.
SKU03523,SLOW_MOVER,ST29;ST18;ST23;ST09;ST27;ST10;ST22;ST14;ST02;ST01;ST11;ST30;ST20;ST06;ST03;ST28;ST04;ST16;ST12;ST21;ST24;ST05;ST25;ST13;ST15,,,Chronically low-demand SKU; overstocked with aging inventory.
SKU04412,SLOW_MOVER,ST14;ST16;ST12;ST28;ST09;ST05;ST20;ST30;ST13;ST15;ST21;ST22;ST01;ST03;ST23;ST18;ST24;ST04;ST29;ST26;ST11;ST06;ST27;ST10;ST17,,,Chronically low-demand SKU; overstocked with aging inventory.
SKU04107,SLOW_MOVER,ST13;ST21;ST09;ST22;ST29;ST17;ST15;ST16;ST30;ST01;ST25;ST27;ST04;ST28;ST18;ST26;ST11;ST24,,,Chronically low-demand SKU; overstocked with aging inventory.
SKU00127,SLOW_MOVER,ST18;ST01;ST19;ST15;ST27;ST02;ST14;ST17;ST13;ST16;ST21;ST09;ST26;ST24;ST12;ST03;ST22;ST08,,,Chronically low-demand SKU; overstocked with aging inventory.
SKU01830,SLOW_MOVER,ST15;ST20;ST09;ST06;ST16;ST08;ST14;ST12;ST26;ST23;ST03;ST21;ST07;ST30;ST05;ST10;ST19;ST01;ST04;ST28;ST13;ST27;ST02;ST18;ST22,,,Chronically low-demand SKU; overstocked with aging inventory.
SKU00574,SLOW_MOVER,ST21;ST14;ST25;ST07;ST23;ST18;ST22;ST27;ST24;ST01;ST16;ST09;ST30;ST15;ST26;ST02;ST12;ST04;ST13;ST20;ST06,,,Chronically low-demand SKU; overstocked with aging inventory.
SKU02907,SLOW_MOVER,ST20;ST07;ST29;ST12;ST27;ST21;ST10;ST26;ST13;ST17;ST04;ST28;ST19;ST09;ST30;ST18;ST08;ST16;ST23;ST02;ST22;ST11;ST24,,,Chronically low-demand SKU; overstocked with aging inventory.
SKU04292,SLOW_MOVER,ST19;ST03;ST22;ST11;ST02;ST24;ST09;ST28;ST08;ST06;ST17;ST01;ST30;ST12;ST21;ST10;ST15;ST26;ST18;ST29;ST05;ST04;ST13;ST27;ST20;ST16;ST07,,,Chronically low-demand SKU; overstocked with aging inventory.
SKU02164,SLOW_MOVER,ST11;ST12;ST04;ST16;ST26;ST22;ST17;ST07;ST23;ST09;ST25;ST21;ST29;ST03;ST27;ST05;ST24;ST06;ST19;ST08;ST20;ST10;ST02;ST01;ST14;ST30;ST28;ST18;ST15;ST13,,,Chronically low-demand SKU; overstocked with aging inventory.
SKU02224,SLOW_MOVER,ST03;ST15;ST18;ST08;ST14;ST21;ST30;ST11;ST04;ST10;ST19;ST12;ST26;ST23;ST16;ST22;ST17,,,Chronically low-demand SKU; overstocked with aging inventory.
SKU02997,SLOW_MOVER,ST21;ST30;ST23;ST03;ST06;ST01;ST28;ST12;ST13;ST19;ST27;ST16;ST20;ST26;ST11;ST09;ST08;ST29;ST07;ST25;ST10;ST18;ST15,,,Chronically low-demand SKU; overstocked with aging inventory.
SKU04894,SLOW_MOVER,ST20;ST01;ST21;ST04;ST19;ST02;ST29;ST26;ST07;ST15;ST28;ST13;ST17;ST09;ST27;ST18;ST10;ST23;ST22;ST05;ST11;ST25,,,Chronically low-demand SKU; overstocked with aging inventory.
SKU01023,SLOW_MOVER,ST17;ST03;ST13;ST28;ST25;ST10;ST06;ST12;ST23;ST27;ST24;ST08;ST14;ST04;ST16;ST09;ST26;ST18;ST05;ST11;ST07,,,Chronically low-demand SKU; overstocked with aging inventory.
SKU04052,SLOW_MOVER,ST08;ST01;ST28;ST03;ST10;ST05;ST24;ST19;ST25;ST06;ST27;ST15;ST22;ST26;ST02;ST17;ST21;ST29;ST18;ST14;ST30;ST16;ST09;ST07,,,Chronically low-demand SKU; overstocked with aging inventory.
SKU02822,SLOW_MOVER,ST27;ST04;ST01;ST26;ST11;ST30;ST02;ST13;ST08;ST19;ST18;ST21;ST16;ST23;ST22;ST25;ST07;ST20;ST03;ST15;ST06;ST17;ST12;ST14;ST24;ST28;ST29,,,Chronically low-demand SKU; overstocked with aging inventory.
SKU03941,SLOW_MOVER,ST15;ST01;ST05;ST06;ST13;ST14;ST10;ST12;ST29;ST09;ST08;ST19;ST18;ST22;ST24;ST23;ST21;ST20;ST25;ST03;ST11;ST30,,,Chronically low-demand SKU; overstocked with aging inventory.
SKU00732,SLOW_MOVER,ST02;ST10;ST17;ST13;ST07;ST01;ST23;ST15;ST09;ST25;ST18;ST22;ST29;ST16;ST24;ST21;ST06;ST20;ST27;ST28;ST05;ST12;ST26;ST11;ST08;ST14;ST03,,,Chronically low-demand SKU; overstocked with aging inventory.
SKU03235,SLOW_MOVER,ST15;ST01;ST03;ST16;ST04;ST18;ST25;ST06;ST26;ST10;ST17;ST30;ST27;ST05;ST09;ST08;ST21;ST19;ST07;ST20;ST29;ST02;ST28;ST11;ST22;ST24;ST13;ST12;ST23;ST14,,,Chronically low-demand SKU; overstocked with aging inventory.
SKU03609,SLOW_MOVER,ST01;ST19;ST02;ST26;ST25;ST16;ST30;ST03;ST29;ST24;ST22;ST07;ST17;ST15;ST04;ST08;ST20;ST09;ST10;ST21;ST28;ST12;ST11;ST23;ST13;ST27;ST18;ST05;ST06;ST14,,,Chronically low-demand SKU; overstocked with aging inventory.
SKU04849,SLOW_MOVER,ST06;ST04;ST27;ST14;ST29;ST01;ST19;ST03;ST17;ST20;ST23;ST08;ST18;ST10;ST21;ST30;ST07;ST02;ST05;ST09;ST13;ST12;ST24;ST25;ST28;ST11,,,Chronically low-demand SKU; overstocked with aging inventory.
SKU04106,SLOW_MOVER,ST02;ST11;ST09;ST28;ST18;ST21;ST04;ST15;ST08;ST22;ST03;ST16;ST29;ST27;ST06;ST19;ST23,,,Chronically low-demand SKU; overstocked with aging inventory.
SKU01675,SLOW_MOVER,ST30;ST18;ST05;ST13;ST02;ST11;ST27;ST28;ST25;ST19;ST09;ST26;ST15;ST17;ST20;ST23;ST12,,,Chronically low-demand SKU; overstocked with aging inventory.
SKU02519,SLOW_MOVER,ST01;ST12;ST20;ST13;ST16;ST22;ST15;ST09;ST11;ST06;ST19;ST08;ST03;ST14;ST28;ST21;ST27;ST05;ST02;ST07;ST10;ST30;ST23;ST25;ST26,,,Chronically low-demand SKU; overstocked with aging inventory.
SKU02946,SLOW_MOVER,ST23;ST18;ST13;ST03;ST25;ST08;ST14;ST28;ST17;ST29;ST24;ST10;ST01;ST19;ST07;ST21,,,Chronically low-demand SKU; overstocked with aging inventory.
SKU00991,SLOW_MOVER,ST24;ST25;ST03;ST04;ST27;ST29;ST13;ST05;ST19;ST20;ST23;ST22;ST14;ST30;ST08;ST26;ST11;ST18;ST12;ST01;ST09;ST28;ST17;ST07;ST06;ST16,,,Chronically low-demand SKU; overstocked with aging inventory.
SKU03416,SLOW_MOVER,ST04;ST10;ST08;ST24;ST17;ST09;ST05;ST16;ST23;ST13;ST29;ST18;ST28;ST15;ST19;ST27;ST25;ST26;ST30,,,Chronically low-demand SKU; overstocked with aging inventory.
SKU04053,SLOW_MOVER,ST11;ST16;ST10;ST24;ST29;ST12;ST08;ST13;ST18;ST14;ST01;ST15;ST23;ST22;ST06;ST20;ST27;ST30;ST03;ST17;ST09;ST25;ST19;ST05;ST26;ST02;ST04;ST28;ST07,,,Chronically low-demand SKU; overstocked with aging inventory.
SKU02279,SLOW_MOVER,ST27;ST23;ST03;ST30;ST13;ST02;ST14;ST25;ST24;ST01;ST15;ST22;ST21;ST06;ST10;ST26;ST07;ST29;ST18;ST12;ST20;ST16;ST04;ST05,,,Chronically low-demand SKU; overstocked with aging inventory.
SKU04591,SLOW_MOVER,ST07;ST04;ST11;ST24;ST09;ST03;ST16;ST28;ST12;ST06;ST22;ST29;ST10;ST19;ST30;ST26;ST17;ST20;ST01;ST18;ST15;ST02;ST21,,,Chronically low-demand SKU; overstocked with aging inventory.
SKU00342,SLOW_MOVER,ST28;ST04;ST13;ST09;ST03;ST11;ST22;ST01;ST08;ST25;ST24;ST26;ST14;ST30;ST05;ST12;ST10;ST15;ST20,,,Chronically low-demand SKU; overstocked with aging inventory.
SKU03414,SLOW_MOVER,ST24;ST02;ST10;ST28;ST13;ST07;ST18;ST11;ST04;ST14;ST21;ST27;ST15;ST29;ST01;ST03;ST06;ST30;ST05;ST25;ST08;ST20;ST19;ST23;ST22;ST16;ST12;ST26,,,Chronically low-demand SKU; overstocked with aging inventory.
SKU04281,SLOW_MOVER,ST16;ST10;ST07;ST19;ST18;ST20;ST11;ST15;ST06;ST08;ST28;ST03;ST22;ST23;ST09;ST17;ST13;ST26;ST24;ST30;ST14;ST04;ST05;ST27;ST25,,,Chronically low-demand SKU; overstocked with aging inventory.
SKU01970,SLOW_MOVER,ST30;ST22;ST16;ST07;ST12;ST29;ST08;ST21;ST20;ST26;ST15;ST17;ST28;ST27;ST23;ST01;ST09;ST14;ST18;ST25;ST05;ST19;ST11;ST04;ST02;ST13;ST10;ST24,,,Chronically low-demand SKU; overstocked with aging inventory.
SKU00749,SLOW_MOVER,ST20;ST26;ST08;ST30;ST17;ST14;ST27;ST24;ST16;ST01;ST13;ST22;ST21;ST23;ST29;ST19;ST02;ST03;ST18;ST06;ST04;ST05;ST10;ST07;ST28;ST12;ST25;ST09;ST11;ST15,,,Chronically low-demand SKU; overstocked with aging inventory.
SKU02217,SLOW_MOVER,ST20;ST29;ST05;ST27;ST22;ST17;ST25;ST18;ST12;ST10;ST13;ST11;ST08;ST07;ST04;ST15;ST01;ST30;ST03;ST09;ST24;ST06;ST26;ST14;ST02;ST23;ST16;ST21;ST28;ST19,,,Chronically low-demand SKU; overstocked with aging inventory.
SKU03932,SLOW_MOVER,ST16;ST27;ST13;ST14;ST28;ST05;ST15;ST17;ST30;ST11;ST23;ST07;ST22;ST19;ST01;ST25;ST08;ST24;ST06;ST10;ST12;ST18;ST21;ST02;ST04,,,Chronically low-demand SKU; overstocked with aging inventory.
SKU00150,SLOW_MOVER,ST09;ST06;ST22;ST05;ST13;ST04;ST21;ST10;ST02;ST14;ST25;ST03;ST23;ST07;ST26;ST08,,,Chronically low-demand SKU; overstocked with aging inventory.
SKU03492,SLOW_MOVER,ST23;ST26;ST25;ST02;ST14;ST07;ST10;ST08;ST09;ST30;ST13;ST17;ST20;ST24;ST28;ST03;ST12;ST01;ST21;ST11;ST06;ST18;ST19;ST29;ST22;ST27;ST04;ST16,,,Chronically low-demand SKU; overstocked with aging inventory.
SKU01031,SLOW_MOVER,ST10;ST08;ST17;ST12;ST03;ST02;ST29;ST20;ST23;ST14;ST07;ST22;ST16;ST15;ST19;ST21;ST18;ST01;ST27,,,Chronically low-demand SKU; overstocked with aging inventory.
SKU03624,SLOW_MOVER,ST04;ST17;ST18;ST11;ST15;ST29;ST19;ST28;ST23;ST22;ST14;ST03;ST08;ST09;ST25;ST27;ST10;ST02;ST24;ST12;ST13;ST05;ST16;ST20,,,Chronically low-demand SKU; overstocked with aging inventory.
SKU03892,SLOW_MOVER,ST23;ST28;ST27;ST19;ST02;ST11;ST17;ST20;ST05;ST06;ST12;ST29;ST09;ST10;ST21;ST07;ST14;ST03,,,Chronically low-demand SKU; overstocked with aging inventory.
SKU02094,SLOW_MOVER,ST25;ST09;ST24;ST27;ST04;ST14;ST08;ST15;ST07;ST30;ST12;ST17;ST01;ST16;ST28;ST29;ST19;ST21,,,Chronically low-demand SKU; overstocked with aging inventory.
SKU01792,SLOW_MOVER,ST25;ST20;ST10;ST15;ST18;ST27;ST16;ST09;ST29;ST07;ST21;ST19;ST02;ST24;ST23;ST17;ST03;ST12;ST11;ST14;ST28;ST06;ST26;ST05;ST22;ST08;ST04;ST13,,,Chronically low-demand SKU; overstocked with aging inventory.
SKU00788,SLOW_MOVER,ST11;ST28;ST12;ST17;ST23;ST01;ST24;ST27;ST07;ST20;ST02;ST05;ST21;ST25;ST04,,,Chronically low-demand SKU; overstocked with aging inventory.
SKU02386,SLOW_MOVER,ST06;ST19;ST11;ST08;ST02;ST20;ST15;ST27;ST09;ST29;ST25;ST03;ST10;ST07;ST18;ST21;ST05;ST30;ST17,,,Chronically low-demand SKU; overstocked with aging inventory.
SKU04468,SLOW_MOVER,ST14;ST09;ST07;ST10;ST19;ST08;ST21;ST02;ST27;ST18;ST29;ST16;ST25;ST05;ST22;ST13;ST30;ST23;ST12;ST26,,,Chronically low-demand SKU; overstocked with aging inventory.
SKU04554,SLOW_MOVER,ST21;ST05;ST11;ST16;ST08;ST26;ST28;ST07;ST17;ST23;ST22;ST30;ST14;ST12;ST27;ST29;ST10;ST01;ST19;ST24;ST15;ST09,,,Chronically low-demand SKU; overstocked with aging inventory.
SKU02520,SLOW_MOVER,ST19;ST06;ST14;ST25;ST22;ST05;ST07;ST24;ST30;ST29;ST16;ST11;ST01;ST28;ST03;ST13;ST21;ST20;ST02;ST09;ST10;ST23,,,Chronically low-demand SKU; overstocked with aging inventory.
SKU03036,SLOW_MOVER,ST22;ST26;ST23;ST14;ST30;ST28;ST02;ST19;ST11;ST20;ST13;ST09;ST01;ST04;ST24;ST15;ST18;ST27;ST12;ST29;ST25;ST08;ST21;ST16;ST07;ST10,,,Chronically low-demand SKU; overstocked with aging inventory.
SKU01651,SLOW_MOVER,ST21;ST08;ST22;ST27;ST02;ST26;ST06;ST11;ST05;ST30;ST12;ST01;ST09;ST28;ST20;ST15;ST07;ST16;ST17;ST29;ST14,,,Chronically low-demand SKU; overstocked with aging inventory.
SKU01112,SLOW_MOVER,ST24;ST04;ST16;ST23;ST29;ST19;ST03;ST22;ST01;ST15;ST21;ST02;ST11;ST09;ST30;ST05;ST17;ST20;ST26,,,Chronically low-demand SKU; overstocked with aging inventory.
SKU01063,SLOW_MOVER,ST15;ST23;ST09;ST03;ST21;ST16;ST14;ST20;ST04;ST26;ST12;ST11;ST25;ST17;ST19;ST08;ST22;ST29;ST30;ST01;ST27;ST13;ST02;ST28;ST05,,,Chronically low-demand SKU; overstocked with aging inventory.
SKU04879,SLOW_MOVER,ST21;ST27;ST13;ST06;ST01;ST02;ST17;ST22;ST16;ST05;ST25;ST30;ST29;ST23;ST08,,,Chronically low-demand SKU; overstocked with aging inventory.
SKU04753,SLOW_MOVER,ST20;ST26;ST08;ST11;ST29;ST01;ST14;ST17;ST02;ST03;ST12;ST27;ST28;ST21;ST04;ST06;ST16;ST23;ST05;ST30,,,Chronically low-demand SKU; overstocked with aging inventory.
SKU04475,SLOW_MOVER,ST27;ST17;ST28;ST13;ST01;ST04;ST03;ST06;ST23;ST07;ST12;ST24;ST16;ST22;ST18;ST19;ST14;ST15;ST05;ST25;ST26;ST08;ST09;ST30;ST29,,,Chronically low-demand SKU; overstocked with aging inventory.
SKU03905,SLOW_MOVER,ST03;ST01;ST11;ST07;ST17;ST16;ST13;ST15;ST26;ST23;ST21;ST27;ST14;ST25;ST02;ST18;ST08;ST28;ST22;ST30;ST10;ST04;ST19;ST29;ST20,,,Chronically low-demand SKU; overstocked with aging inventory.
SKU01264,SLOW_MOVER,ST16;ST02;ST01;ST19;ST28;ST26;ST03;ST07;ST27;ST29;ST13;ST09;ST08;ST22;ST17;ST11;ST20;ST06;ST18;ST21,,,Chronically low-demand SKU; overstocked with aging inventory.
SKU02558,SLOW_MOVER,ST26;ST07;ST27;ST08;ST25;ST11;ST04;ST15;ST28;ST20;ST01;ST09;ST17;ST12;ST14;ST16;ST10;ST13;ST23;ST05;ST06,,,Chronically low-demand SKU; overstocked with aging inventory.
SKU03968,SLOW_MOVER,ST06;ST21;ST15;ST01;ST19;ST03;ST26;ST24;ST02;ST13;ST07;ST25;ST05;ST30;ST14;ST12;ST27;ST18;ST17;ST22;ST04;ST23;ST08;ST29;ST10;ST28;ST09;ST20,,,Chronically low-demand SKU; overstocked with aging inventory.
SKU03602,SLOW_MOVER,ST10;ST27;ST29;ST09;ST03;ST11;ST02;ST28;ST24;ST19;ST26;ST14;ST22;ST18;ST25;ST04;ST16;ST13;ST23;ST20;ST01,,,Chronically low-demand SKU; overstocked with aging inventory.
SKU01034,SLOW_MOVER,ST13;ST09;ST20;ST10;ST07;ST02;ST14;ST29;ST11;ST01;ST28;ST16;ST18;ST25;ST04;ST24;ST05;ST26,,,Chronically low-demand SKU; overstocked with aging inventory.
SKU00890,SLOW_MOVER,ST11;ST17;ST30;ST02;ST14;ST22;ST23;ST13;ST01;ST26;ST19;ST05;ST16;ST12;ST09;ST06;ST15;ST28;ST07;ST20;ST29;ST08;ST10;ST27;ST24;ST25;ST21,,,Chronically low-demand SKU; overstocked with aging inventory.
SKU01068,SLOW_MOVER,ST24;ST03;ST27;ST22;ST25;ST19;ST12;ST07;ST13;ST02;ST18;ST15;ST28;ST06;ST26;ST08;ST20;ST23;ST29;ST09;ST11,,,Chronically low-demand SKU; overstocked with aging inventory.
SKU03320,SLOW_MOVER,ST06;ST08;ST05;ST12;ST14;ST19;ST02;ST15;ST07;ST29;ST04;ST21;ST10;ST22;ST01;ST20;ST11;ST25;ST24;ST30;ST03,,,Chronically low-demand SKU; overstocked with aging inventory.
SKU04607,SLOW_MOVER,ST23;ST02;ST05;ST21;ST08;ST09;ST12;ST30;ST28;ST26;ST03;ST10;ST15;ST01;ST29;ST16;ST20,,,Chronically low-demand SKU; overstocked with aging inventory.
SKU00986,SLOW_MOVER,ST12;ST16;ST06;ST11;ST20;ST24;ST08;ST23;ST13;ST09;ST01;ST29;ST21;ST04;ST19;ST18;ST27;ST25;ST05;ST22,,,Chronically low-demand SKU; overstocked with aging inventory.
SKU03073,SLOW_MOVER,ST09;ST18;ST14;ST15;ST04;ST26;ST03;ST28;ST07;ST24;ST21;ST29;ST11;ST13;ST20;ST19;ST10;ST22;ST23;ST25,,,Chronically low-demand SKU; overstocked with aging inventory.
SKU00734,SLOW_MOVER,ST06;ST21;ST11;ST19;ST04;ST20;ST13;ST01;ST22;ST08;ST17;ST25;ST15;ST30;ST02;ST09;ST10;ST24;ST18;ST23;ST16;ST03;ST12;ST26;ST05,,,Chronically low-demand SKU; overstocked with aging inventory.
SKU03375,SLOW_MOVER,ST10;ST18;ST05;ST12;ST19;ST26;ST04;ST20;ST02;ST01;ST25;ST29;ST27;ST14;ST16;ST15;ST28;ST23;ST24;ST06;ST22;ST07;ST21;ST03;ST30,,,Chronically low-demand SKU; overstocked with aging inventory.
SKU02915,SLOW_MOVER,ST28;ST30;ST01;ST14;ST06;ST20;ST29;ST07;ST16;ST10;ST12;ST17;ST21;ST27;ST13;ST02;ST19;ST25;ST15;ST04;ST05;ST22;ST18;ST08;ST23,,,Chronically low-demand SKU; overstocked with aging inventory.
SKU03737,SLOW_MOVER,ST06;ST18;ST26;ST19;ST22;ST12;ST17;ST09;ST15;ST13;ST07;ST25;ST14;ST27;ST28;ST30;ST01;ST16;ST04;ST02;ST11;ST23;ST24;ST10;ST20;ST03;ST08,,,Chronically low-demand SKU; overstocked with aging inventory.
SKU01684,SLOW_MOVER,ST25;ST07;ST04;ST10;ST19;ST13;ST03;ST29;ST15;ST05;ST30;ST23;ST08;ST24;ST22,,,Chronically low-demand SKU; overstocked with aging inventory.
SKU01971,SLOW_MOVER,ST23;ST29;ST15;ST21;ST12;ST04;ST27;ST19;ST11;ST13;ST03;ST16;ST22;ST07;ST28;ST17;ST26;ST01;ST24;ST08;ST06;ST20;ST10;ST30;ST25;ST05;ST09;ST14,,,Chronically low-demand SKU; overstocked with aging inventory.
SKU04352,SLOW_MOVER,ST21;ST19;ST30;ST14;ST02;ST09;ST20;ST26;ST25;ST13;ST06;ST29;ST07;ST27;ST04;ST22;ST01;ST08,,,Chronically low-demand SKU; overstocked with aging inventory.
SKU01318,SLOW_MOVER,ST04;ST16;ST14;ST05;ST17;ST01;ST10;ST06;ST03;ST27;ST24;ST19;ST13;ST25;ST28;ST30;ST29;ST20;ST12;ST23;ST11;ST18;ST07;ST15;ST02;ST21;ST22;ST08;ST09,,,Chronically low-demand SKU; overstocked with aging inventory.
SKU00330,SLOW_MOVER,ST07;ST30;ST24;ST25;ST29;ST05;ST11;ST26;ST15;ST21;ST03;ST08;ST17;ST28;ST13,,,Chronically low-demand SKU; overstocked with aging inventory.
SKU02421,SLOW_MOVER,ST10;ST15;ST24;ST26;ST18;ST17;ST22;ST12;ST28;ST03;ST20;ST27;ST05;ST23;ST25;ST02;ST04;ST08;ST19;ST07;ST01;ST13;ST11;ST09;ST14;ST29;ST30;ST06;ST16,,,Chronically low-demand SKU; overstocked with aging inventory.
SKU02375,SLOW_MOVER,ST16;ST14;ST17;ST15;ST11;ST25;ST23;ST13;ST01;ST07;ST04;ST10;ST05;ST03;ST29;ST30;ST09;ST21;ST02,,,Chronically low-demand SKU; overstocked with aging inventory.
SKU03090,SLOW_MOVER,ST26;ST10;ST16;ST04;ST19;ST11;ST05;ST13;ST28;ST06;ST14;ST27;ST22;ST21;ST12;ST15;ST03;ST20;ST29;ST01;ST09;ST02;ST24;ST23;ST25;ST07;ST08,,,Chronically low-demand SKU; overstocked with aging inventory.
SKU02576,SLOW_MOVER,ST01;ST11;ST16;ST20;ST09;ST19;ST28;ST29;ST26;ST22;ST30;ST08;ST27;ST21;ST18;ST10;ST23,,,Chronically low-demand SKU; overstocked with aging inventory.
SKU00699,SLOW_MOVER,ST04;ST07;ST09;ST13;ST17;ST19;ST22;ST27;ST05;ST14;ST18;ST28;ST26;ST30;ST29;ST25;ST01;ST15,,,Chronically low-demand SKU; overstocked with aging inventory.
SKU03592,SLOW_MOVER,ST06;ST29;ST22;ST28;ST15;ST09;ST03;ST24;ST26;ST02;ST30;ST05;ST08;ST01;ST27;ST04;ST21;ST19;ST10;ST13;ST14;ST11;ST18,,,Chronically low-demand SKU; overstocked with aging inventory.
SKU00090,SLOW_MOVER,ST24;ST03;ST04;ST01;ST28;ST20;ST15;ST10;ST13;ST18;ST29;ST27;ST19;ST12;ST08;ST14;ST02;ST22;ST16;ST26;ST25;ST17;ST11,,,Chronically low-demand SKU; overstocked with aging inventory.
SKU02938,SLOW_MOVER,ST22;ST08;ST01;ST19;ST12;ST03;ST20;ST17;ST23;ST04;ST02;ST07;ST11;ST18;ST05;ST15;ST29;ST06;ST24;ST14;ST25;ST30;ST16;ST21;ST27;ST10;ST13;ST26,,,Chronically low-demand SKU; overstocked with aging inventory.
SKU03520,SLOW_MOVER,ST25;ST05;ST23;ST10;ST09;ST28;ST08;ST26;ST30;ST21;ST17;ST22;ST02;ST19;ST04;ST12;ST20;ST18;ST16;ST24;ST06;ST03;ST27;ST11;ST07,,,Chronically low-demand SKU; overstocked with aging inventory.
SKU04652,SLOW_MOVER,ST15;ST21;ST30;ST28;ST06;ST05;ST14;ST10;ST07;ST04;ST17;ST24;ST19;ST20;ST22;ST27;ST26;ST02;ST11;ST23;ST25;ST29;ST13;ST09;ST03;ST18;ST08;ST01;ST16,,,Chronically low-demand SKU; overstocked with aging inventory.
SKU03192,SLOW_MOVER,ST16;ST02;ST11;ST10;ST08;ST15;ST05;ST04;ST18;ST22;ST19;ST26;ST06;ST14;ST09;ST01;ST21;ST12;ST23;ST20;ST25;ST07,,,Chronically low-demand SKU; overstocked with aging inventory.
SKU04919,SLOW_MOVER,ST03;ST21;ST16;ST10;ST24;ST27;ST04;ST28;ST11;ST22;ST29;ST18;ST06;ST14;ST08;ST17;ST01;ST09;ST20;ST30;ST25;ST05;ST15;ST12,,,Chronically low-demand SKU; overstocked with aging inventory.
SKU04888,SLOW_MOVER,ST24;ST15;ST04;ST05;ST13;ST30;ST18;ST14;ST22;ST21;ST17;ST12;ST19;ST27;ST10;ST26;ST11;ST29;ST02,,,Chronically low-demand SKU; overstocked with aging inventory.
SKU00894,SLOW_MOVER,ST16;ST26;ST18;ST19;ST17;ST24;ST06;ST28;ST15;ST29;ST22;ST01;ST13;ST02;ST23;ST09;ST10;ST04;ST30;ST14;ST03,,,Chronically low-demand SKU; overstocked with aging inventory.
SKU00553,SLOW_MOVER,ST10;ST28;ST20;ST21;ST13;ST30;ST02;ST07;ST18;ST22;ST01;ST14;ST08;ST17;ST29;ST11;ST12;ST04;ST15;ST27;ST09;ST25;ST24,,,Chronically low-demand SKU; overstocked with aging inventory.
SKU01229,SLOW_MOVER,ST22;ST05;ST01;ST15;ST13;ST08;ST24;ST02;ST10;ST03;ST16;ST19;ST14;ST12;ST21;ST23;ST27;ST11;ST04;ST06;ST28;ST09;ST26;ST07,,,Chronically low-demand SKU; overstocked with aging inventory.
SKU04653,SLOW_MOVER,ST11;ST03;ST28;ST24;ST07;ST01;ST29;ST02;ST21;ST08;ST10;ST12;ST26;ST05;ST17;ST20;ST18;ST06;ST13;ST16;ST04;ST27;ST23,,,Chronically low-demand SKU; overstocked with aging inventory.
SKU04887,SLOW_MOVER,ST15;ST27;ST28;ST02;ST16;ST14;ST01;ST20;ST06;ST23;ST21;ST30;ST08;ST12;ST07;ST04;ST22;ST11;ST25;ST24;ST10;ST18;ST03;ST05,,,Chronically low-demand SKU; overstocked with aging inventory.
SKU00305,SLOW_MOVER,ST15;ST25;ST03;ST24;ST02;ST19;ST17;ST13;ST16;ST26;ST21;ST05;ST07;ST01;ST10;ST29;ST28;ST08;ST30;ST20;ST04;ST22;ST09;ST11,,,Chronically low-demand SKU; overstocked with aging inventory.
SKU02999,SLOW_MOVER,ST30;ST28;ST06;ST19;ST04;ST17;ST20;ST10;ST05;ST22;ST27;ST25;ST07;ST16;ST15;ST09;ST03;ST02;ST23,,,Chronically low-demand SKU; overstocked with aging inventory.
SKU01643,SLOW_MOVER,ST05;ST16;ST09;ST01;ST25;ST08;ST17;ST07;ST22;ST04;ST06;ST10;ST18;ST11;ST02;ST15;ST21;ST28;ST20;ST23;ST30,,,Chronically low-demand SKU; overstocked with aging inventory.
SKU00507,SLOW_MOVER,ST29;ST16;ST12;ST24;ST21;ST04;ST27;ST28;ST07;ST10;ST06;ST11;ST09;ST20;ST19,,,Chronically low-demand SKU; overstocked with aging inventory.
SKU00535,SLOW_MOVER,ST03;ST14;ST06;ST12;ST05;ST07;ST02;ST22;ST09;ST16;ST25;ST15;ST10;ST23;ST30;ST08;ST17;ST19;ST24;ST27;ST28;ST13;ST01;ST18;ST11;ST20;ST21,,,Chronically low-demand SKU; overstocked with aging inventory.
SKU02211,SLOW_MOVER,ST24;ST27;ST01;ST04;ST12;ST19;ST06;ST30;ST05;ST03;ST15;ST02;ST21;ST20;ST17;ST07;ST28;ST25;ST23;ST13;ST11;ST16;ST09;ST10;ST14;ST22;ST26;ST18,,,Chronically low-demand SKU; overstocked with aging inventory.
SKU03975,SLOW_MOVER,ST21;ST30;ST12;ST19;ST03;ST13;ST25;ST11;ST04;ST29;ST10;ST08;ST22;ST24;ST01;ST18;ST05;ST07;ST02;ST16,,,Chronically low-demand SKU; overstocked with aging inventory.
SKU04729,SLOW_MOVER,ST29;ST20;ST01;ST27;ST22;ST12;ST11;ST21;ST25;ST17;ST18;ST07;ST03;ST09;ST15;ST13;ST19;ST23;ST06;ST02;ST16;ST26;ST14;ST24;ST08;ST04,,,Chronically low-demand SKU; overstocked with aging inventory.
SKU04795,SLOW_MOVER,ST02;ST26;ST20;ST30;ST09;ST01;ST10;ST08;ST16;ST29;ST25;ST14;ST07;ST28;ST18;ST06;ST04;ST17;ST03,,,Chronically low-demand SKU; overstocked with aging inventory.
SKU00516,SLOW_MOVER,ST19;ST21;ST23;ST01;ST13;ST15;ST30;ST02;ST06;ST12;ST25;ST08;ST26;ST22;ST14;ST18;ST11;ST07;ST05,,,Chronically low-demand SKU; overstocked with aging inventory.
SKU00331,SLOW_MOVER,ST12;ST19;ST30;ST23;ST01;ST18;ST24;ST14;ST26;ST16;ST02;ST03;ST10;ST25;ST05;ST06;ST15;ST09;ST22;ST08;ST27;ST29;ST11;ST04;ST07;ST21;ST20;ST13;ST28;ST17,,,Chronically low-demand SKU; overstocked with aging inventory.
SKU01042,SLOW_MOVER,ST21;ST16;ST29;ST12;ST03;ST25;ST20;ST27;ST08;ST05;ST23;ST04;ST13;ST07;ST09;ST15;ST30;ST19;ST17;ST06;ST26;ST10,,,Chronically low-demand SKU; overstocked with aging inventory.
SKU01762,SLOW_MOVER,ST10;ST02;ST21;ST27;ST29;ST19;ST22;ST15;ST18;ST03;ST08;ST20;ST01;ST24;ST12,,,Chronically low-demand SKU; overstocked with aging inventory.
SKU04987,SLOW_MOVER,ST25;ST17;ST23;ST06;ST26;ST29;ST11;ST16;ST01;ST05;ST19;ST08;ST30;ST20;ST03;ST18;ST10;ST28;ST13;ST09;ST27;ST21;ST12;ST14;ST04;ST15;ST02;ST24;ST22;ST07,,,Chronically low-demand SKU; overstocked with aging inventory.
SKU03833,SLOW_MOVER,ST21;ST22;ST20;ST18;ST17;ST03;ST30;ST26;ST13;ST27;ST28;ST24;ST16;ST12;ST09;ST02;ST14;ST08;ST06;ST19;ST04;ST10;ST25,,,Chronically low-demand SKU; overstocked with aging inventory.
SKU01356,SLOW_MOVER,ST09;ST10;ST01;ST26;ST20;ST24;ST06;ST22;ST25;ST30;ST04;ST17;ST15;ST14;ST16;ST11;ST05;ST27;ST18;ST23;ST21,,,Chronically low-demand SKU; overstocked with aging inventory.
SKU02567,SLOW_MOVER,ST27;ST02;ST14;ST09;ST13;ST04;ST05;ST15;ST20;ST07;ST28;ST21;ST18;ST08;ST06;ST03;ST17;ST26;ST22;ST11;ST29;ST23;ST24,,,Chronically low-demand SKU; overstocked with aging inventory.
SKU00965,SLOW_MOVER,ST27;ST10;ST04;ST26;ST29;ST22;ST21;ST01;ST17;ST28;ST07;ST19;ST18;ST05;ST25,,,Chronically low-demand SKU; overstocked with aging inventory.
SKU01310,SLOW_MOVER,ST18;ST19;ST12;ST17;ST06;ST27;ST25;ST28;ST26;ST03;ST10;ST01;ST05;ST15;ST13;ST11;ST16;ST21;ST24;ST02;ST14;ST09;ST20;ST07;ST04;ST23;ST30;ST08;ST22,,,Chronically low-demand SKU; overstocked with aging inventory.
SKU01339,SLOW_MOVER,ST14;ST09;ST05;ST11;ST17;ST29;ST15;ST18;ST10;ST25;ST06;ST13;ST12;ST19;ST03,,,Chronically low-demand SKU; overstocked with aging inventory.
SKU03436,SLOW_MOVER,ST09;ST07;ST28;ST20;ST18;ST13;ST19;ST27;ST06;ST02;ST30;ST24;ST10;ST01;ST05;ST25;ST17;ST14;ST11;ST12;ST16;ST22;ST08;ST23;ST21;ST26,,,Chronically low-demand SKU; overstocked with aging inventory.
SKU03295,SLOW_MOVER,ST23;ST30;ST22;ST13;ST27;ST12;ST26;ST05;ST17;ST06;ST07;ST19;ST25;ST08;ST29;ST28,,,Chronically low-demand SKU; overstocked with aging inventory.
SKU00608,SLOW_MOVER,ST29;ST25;ST15;ST24;ST07;ST05;ST27;ST19;ST06;ST23;ST30;ST01;ST18;ST09;ST17,,,Chronically low-demand SKU; overstocked with aging inventory.
SKU03803,SLOW_MOVER,ST13;ST02;ST28;ST10;ST12;ST25;ST11;ST22;ST14;ST15;ST20;ST04;ST24;ST19;ST21;ST05;ST18;ST09;ST27;ST16;ST17;ST23;ST06;ST08;ST29;ST03,,,Chronically low-demand SKU; overstocked with aging inventory.
SKU04690,SLOW_MOVER,ST29;ST09;ST27;ST22;ST12;ST20;ST07;ST14;ST16;ST18;ST08;ST05;ST28;ST03;ST23;ST13;ST02;ST24;ST21;ST15;ST17;ST04;ST19;ST11;ST10;ST01;ST06;ST25;ST26;ST30,,,Chronically low-demand SKU; overstocked with aging inventory.
SKU04144,SLOW_MOVER,ST04;ST09;ST11;ST02;ST14;ST23;ST28;ST19;ST26;ST29;ST15;ST07;ST21;ST20;ST25;ST12;ST06;ST10;ST08;ST05;ST13;ST30;ST17;ST22;ST16;ST18;ST27;ST24,,,Chronically low-demand SKU; overstocked with aging inventory.
SKU01981,SLOW_MOVER,ST17;ST27;ST14;ST15;ST22;ST09;ST23;ST13;ST28;ST06;ST21;ST19;ST07;ST24;ST30;ST03;ST25;ST16;ST02;ST29;ST08;ST10;ST11;ST20;ST12;ST05;ST04,,,Chronically low-demand SKU; overstocked with aging inventory.
SKU00354,SLOW_MOVER,ST23;ST15;ST17;ST25;ST05;ST11;ST29;ST19;ST02;ST28;ST20;ST27;ST03;ST01;ST09;ST16;ST10;ST04;ST06;ST22;ST13;ST08;ST21;ST24,,,Chronically low-demand SKU; overstocked with aging inventory.
SKU04212,SLOW_MOVER,ST29;ST03;ST14;ST23;ST27;ST19;ST08;ST17;ST11;ST22;ST28;ST20;ST15;ST24;ST18;ST26;ST06;ST13;ST02;ST05;ST25;ST12,,,Chronically low-demand SKU; overstocked with aging inventory.
SKU01854,SLOW_MOVER,ST11;ST19;ST08;ST16;ST07;ST06;ST23;ST15;ST05;ST13;ST22;ST09;ST21;ST26;ST17;ST25;ST10;ST14;ST29;ST28;ST24;ST04;ST27;ST12;ST02;ST03;ST01;ST30;ST20;ST18,,,Chronically low-demand SKU; overstocked with aging inventory.
SKU03005,SLOW_MOVER,ST18;ST24;ST25;ST03;ST17;ST06;ST22;ST27;ST28;ST21;ST11;ST08;ST26;ST30;ST09;ST02;ST14;ST05;ST20;ST10;ST04;ST01;ST19,,,Chronically low-demand SKU; overstocked with aging inventory.
SKU04409,SLOW_MOVER,ST17;ST19;ST22;ST23;ST03;ST01;ST24;ST14;ST25;ST28;ST11;ST15;ST29;ST12;ST02;ST09;ST13;ST21;ST10;ST30;ST27;ST04;ST07;ST05;ST06;ST18;ST08,,,Chronically low-demand SKU; overstocked with aging inventory.
SKU04612,SLOW_MOVER,ST30;ST29;ST20;ST28;ST03;ST16;ST18;ST26;ST02;ST04;ST05;ST24;ST17;ST07;ST27;ST12;ST13;ST08;ST14;ST10,,,Chronically low-demand SKU; overstocked with aging inventory.
SKU03441,SLOW_MOVER,ST09;ST21;ST29;ST24;ST23;ST22;ST26;ST08;ST27;ST28;ST10;ST11;ST13;ST18;ST03;ST05;ST14;ST19;ST17;ST02;ST25;ST07;ST20;ST16;ST06;ST15;ST30,,,Chronically low-demand SKU; overstocked with aging inventory.
SKU03349,SLOW_MOVER,ST30;ST28;ST01;ST03;ST17;ST14;ST04;ST06;ST13;ST23;ST20;ST15;ST16;ST25;ST24;ST09;ST22;ST07;ST12;ST08;ST27;ST10;ST21;ST11;ST29;ST02,,,Chronically low-demand SKU; overstocked with aging inventory.
SKU04693,SLOW_MOVER,ST16;ST21;ST13;ST10;ST02;ST01;ST12;ST14;ST09;ST22;ST28;ST24;ST05;ST06;ST19;ST25;ST26;ST07;ST29;ST27;ST15,,,Chronically low-demand SKU; overstocked with aging inventory.
SKU02351,SLOW_MOVER,ST06;ST17;ST04;ST16;ST21;ST14;ST20;ST13;ST27;ST29;ST18;ST10;ST24;ST15;ST03;ST30;ST28;ST08;ST02;ST01;ST09;ST23;ST07;ST19,,,Chronically low-demand SKU; overstocked with aging inventory.
SKU01919,SLOW_MOVER,ST09;ST02;ST12;ST21;ST05;ST07;ST10;ST06;ST17;ST20;ST27;ST23;ST28;ST26;ST24;ST25;ST14;ST08;ST30;ST15;ST11;ST22,,,Chronically low-demand SKU; overstocked with aging inventory.
SKU01674,SLOW_MOVER,ST01;ST19;ST20;ST29;ST22;ST04;ST02;ST14;ST25;ST10;ST17;ST21;ST30;ST27;ST13;ST23;ST05;ST24;ST03;ST18;ST07;ST28;ST12;ST26;ST11,,,Chronically low-demand SKU; overstocked with aging inventory.
SKU02584,SLOW_MOVER,ST14;ST25;ST05;ST23;ST21;ST29;ST09;ST26;ST03;ST27;ST19;ST16;ST06;ST28;ST04;ST12;ST01;ST11;ST10;ST30;ST15;ST18;ST20;ST22;ST17;ST24;ST08,,,Chronically low-demand SKU; overstocked with aging inventory.
SKU00691,SLOW_MOVER,ST15;ST08;ST04;ST29;ST17;ST06;ST30;ST23;ST13;ST14;ST01;ST07;ST27;ST28;ST02;ST12;ST16;ST21;ST03;ST11;ST09;ST18;ST20;ST26,,,Chronically low-demand SKU; overstocked with aging inventory.
SKU01337,SLOW_MOVER,ST05;ST28;ST14;ST26;ST02;ST24;ST30;ST10;ST15;ST01;ST21;ST17;ST13;ST09;ST25;ST08;ST22;ST20;ST19;ST11;ST04;ST29;ST18;ST06;ST07;ST16;ST03;ST23;ST27,,,Chronically low-demand SKU; overstocked with aging inventory.
SKU03823,SLOW_MOVER,ST12;ST13;ST08;ST05;ST23;ST21;ST25;ST06;ST17;ST28;ST22;ST30;ST20;ST11;ST18;ST27;ST14;ST07;ST09;ST26;ST04;ST10;ST24;ST01;ST19,,,Chronically low-demand SKU; overstocked with aging inventory.
SKU03043,SLOW_MOVER,ST30;ST07;ST11;ST13;ST16;ST02;ST27;ST15;ST10;ST19;ST29;ST17;ST03;ST26;ST18;ST20;ST06;ST05,,,Chronically low-demand SKU; overstocked with aging inventory.
SKU00571,SLOW_MOVER,ST12;ST27;ST04;ST03;ST07;ST30;ST11;ST17;ST23;ST19;ST10;ST25;ST02;ST16;ST18;ST08;ST01,,,Chronically low-demand SKU; overstocked with aging inventory.
SKU04334,SLOW_MOVER,ST17;ST22;ST03;ST05;ST07;ST16;ST01;ST04;ST19;ST10;ST29;ST08;ST26;ST23;ST20;ST30;ST06;ST09;ST15;ST25;ST11;ST27;ST12;ST02;ST24,,,Chronically low-demand SKU; overstocked with aging inventory.
SKU02590,SLOW_MOVER,ST06;ST08;ST17;ST21;ST26;ST07;ST12;ST05;ST19;ST02;ST18;ST04;ST01;ST11;ST20;ST03;ST23;ST28;ST27;ST09;ST24;ST25,,,Chronically low-demand SKU; overstocked with aging inventory.
SKU04142,SLOW_MOVER,ST11;ST23;ST16;ST24;ST06;ST04;ST27;ST22;ST26;ST29;ST01;ST07;ST12;ST25;ST03;ST19;ST18,,,Chronically low-demand SKU; overstocked with aging inventory.
SKU02128,SLOW_MOVER,ST21;ST13;ST05;ST08;ST26;ST09;ST02;ST01;ST17;ST04;ST22;ST03;ST10;ST16;ST07;ST30;ST11;ST15;ST29;ST20;ST06,,,Chronically low-demand SKU; overstocked with aging inventory.
SKU03504,SLOW_MOVER,ST18;ST01;ST15;ST11;ST07;ST04;ST28;ST10;ST29;ST21;ST19;ST14;ST09;ST03;ST05;ST06;ST13;ST25;ST12;ST26;ST02;ST17;ST22;ST16,,,Chronically low-demand SKU; overstocked with aging inventory.
SKU00155,SLOW_MOVER,ST04;ST09;ST13;ST26;ST01;ST21;ST17;ST15;ST25;ST19;ST12;ST05;ST24;ST18;ST14;ST23;ST02;ST03;ST28;ST22;ST29;ST07;ST11;ST08;ST20;ST30;ST27;ST06;ST10,,,Chronically low-demand SKU; overstocked with aging inventory.
SKU00385,SLOW_MOVER,ST07;ST11;ST21;ST05;ST30;ST09;ST13;ST24;ST06;ST23;ST25;ST03;ST17;ST14;ST15;ST19;ST28;ST18;ST02;ST27;ST08,,,Chronically low-demand SKU; overstocked with aging inventory.
SKU02514,SLOW_MOVER,ST17;ST06;ST02;ST21;ST14;ST27;ST25;ST09;ST20;ST13;ST22;ST18;ST10;ST05;ST28;ST24;ST16;ST12;ST04;ST26;ST08;ST11;ST03,,,Chronically low-demand SKU; overstocked with aging inventory.
SKU00978,SLOW_MOVER,ST19;ST09;ST04;ST22;ST28;ST10;ST14;ST29;ST05;ST17;ST24;ST03;ST13;ST02;ST30;ST08;ST16;ST20;ST18;ST07;ST21;ST26;ST25;ST01;ST11;ST06;ST23;ST15,,,Chronically low-demand SKU; overstocked with aging inventory.
SKU00987,SLOW_MOVER,ST09;ST11;ST08;ST30;ST21;ST10;ST02;ST19;ST12;ST26;ST24;ST27;ST17;ST22;ST20;ST01;ST25;ST13;ST03;ST16;ST07;ST28;ST14;ST05;ST29;ST15;ST23;ST06;ST04;ST18,,,Chronically low-demand SKU; overstocked with aging inventory.
SKU01906,SLOW_MOVER,ST05;ST11;ST19;ST20;ST26;ST07;ST16;ST15;ST22;ST08;ST25;ST17;ST13;ST01;ST24;ST09;ST18;ST28,,,Chronically low-demand SKU; overstocked with aging inventory.
SKU00855,SLOW_MOVER,ST28;ST25;ST23;ST24;ST17;ST27;ST18;ST12;ST26;ST08;ST07;ST11;ST09;ST22;ST01;ST05;ST06;ST03,,,Chronically low-demand SKU; overstocked with aging inventory.
SKU01863,SLOW_MOVER,ST15;ST03;ST17;ST29;ST21;ST02;ST13;ST27;ST07;ST25;ST20;ST01;ST10;ST19;ST14;ST11;ST09;ST28,,,Chronically low-demand SKU; overstocked with aging inventory.
SKU03580,SLOW_MOVER,ST09;ST26;ST22;ST08;ST14;ST21;ST24;ST19;ST13;ST29;ST02;ST12;ST06;ST05;ST03,,,Chronically low-demand SKU; overstocked with aging inventory.
SKU03139,SLOW_MOVER,ST07;ST15;ST04;ST13;ST09;ST30;ST21;ST27;ST17;ST01;ST18;ST05;ST26;ST02;ST08;ST29;ST12;ST06;ST22;ST16;ST28;ST03;ST25;ST14;ST19;ST20,,,Chronically low-demand SKU; overstocked with aging inventory.
SKU02681,SLOW_MOVER,ST13;ST24;ST23;ST19;ST26;ST27;ST28;ST25;ST11;ST02;ST08;ST16;ST10;ST21;ST04,,,Chronically low-demand SKU; overstocked with aging inventory.
SKU00837,SLOW_MOVER,ST16;ST14;ST24;ST28;ST25;ST09;ST18;ST30;ST10;ST08;ST20;ST01;ST29;ST23;ST13;ST17;ST07;ST06;ST03;ST15;ST11;ST04;ST22;ST21;ST27;ST05,,,Chronically low-demand SKU; overstocked with aging inventory.
SKU01495,SLOW_MOVER,ST07;ST20;ST30;ST02;ST04;ST14;ST05;ST26;ST23;ST16;ST17;ST01;ST25;ST18;ST09;ST24;ST22;ST11;ST21;ST15;ST19;ST27;ST03;ST29;ST12;ST10,,,Chronically low-demand SKU; overstocked with aging inventory.
SKU04706,SLOW_MOVER,ST19;ST02;ST14;ST08;ST25;ST18;ST09;ST28;ST29;ST16;ST23;ST06;ST01;ST10;ST17,,,Chronically low-demand SKU; overstocked with aging inventory.
SKU04641,SLOW_MOVER,ST09;ST12;ST07;ST19;ST05;ST02;ST18;ST20;ST01;ST13;ST29;ST10;ST30;ST14;ST25;ST26;ST16;ST22;ST06;ST08;ST04;ST24;ST28;ST27;ST23;ST15,,,Chronically low-demand SKU; overstocked with aging inventory.
SKU02408,SLOW_MOVER,ST24;ST09;ST13;ST25;ST12;ST19;ST21;ST07;ST27;ST08;ST06;ST05;ST02;ST29;ST23;ST16,,,Chronically low-demand SKU; overstocked with aging inventory.
SKU03744,SLOW_MOVER,ST19;ST01;ST17;ST26;ST08;ST23;ST07;ST29;ST22;ST12;ST05;ST10;ST14;ST09;ST18;ST02;ST30;ST04,,,Chronically low-demand SKU; overstocked with aging inventory.
SKU03311,SLOW_MOVER,ST20;ST13;ST27;ST23;ST16;ST10;ST26;ST01;ST17;ST07;ST02;ST15;ST04;ST22;ST09;ST19;ST12;ST11;ST21;ST06;ST18;ST24;ST03;ST08;ST28,,,Chronically low-demand SKU; overstocked with aging inventory.
SKU04414,SLOW_MOVER,ST11;ST03;ST18;ST05;ST20;ST22;ST08;ST15;ST06;ST26;ST30;ST29;ST04;ST07;ST09;ST12;ST17;ST01,,,Chronically low-demand SKU; overstocked with aging inventory.
SKU02055,SLOW_MOVER,ST08;ST26;ST24;ST04;ST29;ST11;ST12;ST05;ST21;ST18;ST03;ST20;ST02;ST25;ST23;ST30;ST19,,,Chronically low-demand SKU; overstocked with aging inventory.
SKU04741,SLOW_MOVER,ST21;ST22;ST05;ST24;ST26;ST25;ST28;ST03;ST02;ST27;ST20;ST12;ST19;ST16;ST07,,,Chronically low-demand SKU; overstocked with aging inventory.
SKU04905,SLOW_MOVER,ST03;ST04;ST23;ST15;ST24;ST25;ST13;ST30;ST28;ST10;ST06;ST26;ST18;ST05;ST27;ST17;ST16;ST14;ST19;ST09;ST29;ST12;ST21;ST07;ST20;ST22;ST01;ST08,,,Chronically low-demand SKU; overstocked with aging inventory.
SKU03428,SLOW_MOVER,ST24;ST20;ST17;ST25;ST26;ST04;ST27;ST23;ST01;ST11;ST18;ST05;ST14;ST09;ST30;ST08;ST15;ST16;ST03;ST13;ST28;ST06;ST22;ST21;ST29,,,Chronically low-demand SKU; overstocked with aging inventory.
SKU04401,SLOW_MOVER,ST21;ST07;ST24;ST20;ST09;ST26;ST08;ST23;ST28;ST02;ST29;ST01;ST11;ST06;ST18;ST25;ST30;ST27;ST05;ST03,,,Chronically low-demand SKU; overstocked with aging inventory.
SKU02794,SLOW_MOVER,ST24;ST25;ST23;ST26;ST10;ST01;ST11;ST14;ST13;ST04;ST05;ST28;ST30;ST12;ST21;ST16;ST07;ST15;ST20;ST27;ST08,,,Chronically low-demand SKU; overstocked with aging inventory.
SKU00237,SLOW_MOVER,ST29;ST30;ST05;ST15;ST14;ST03;ST25;ST13;ST19;ST02;ST24;ST17;ST26;ST21;ST12;ST22;ST23,,,Chronically low-demand SKU; overstocked with aging inventory.
SKU01580,SLOW_MOVER,ST10;ST30;ST11;ST26;ST21;ST13;ST18;ST14;ST09;ST16;ST01;ST12;ST15;ST23;ST19;ST25;ST05,,,Chronically low-demand SKU; overstocked with aging inventory.
SKU02070,SLOW_MOVER,ST28;ST22;ST17;ST16;ST11;ST10;ST01;ST21;ST30;ST12;ST29;ST23;ST08;ST25;ST09;ST03;ST02;ST18;ST24,,,Chronically low-demand SKU; overstocked with aging inventory.
SKU02277,SLOW_MOVER,ST11;ST30;ST09;ST13;ST23;ST28;ST21;ST27;ST29;ST17;ST01;ST08;ST03;ST14;ST02;ST04,,,Chronically low-demand SKU; overstocked with aging inventory.
SKU00874,SLOW_MOVER,ST17;ST06;ST30;ST09;ST22;ST01;ST23;ST07;ST10;ST02;ST18;ST20;ST16;ST29;ST21;ST13;ST11;ST14,,,Chronically low-demand SKU; overstocked with aging inventory.
SKU03266,SLOW_MOVER,ST21;ST23;ST29;ST19;ST13;ST10;ST04;ST16;ST28;ST20;ST09;ST02;ST15;ST06;ST14;ST17;ST27;ST25;ST22;ST30;ST03;ST18;ST05;ST11;ST12;ST08;ST07;ST26;ST24,,,Chronically low-demand SKU; overstocked with aging inventory.
SKU04747,SLOW_MOVER,ST22;ST01;ST15;ST24;ST28;ST19;ST29;ST14;ST02;ST05;ST07;ST12;ST17;ST26;ST11;ST21;ST30;ST23;ST13;ST03;ST09;ST25;ST20;ST10;ST08,,,Chronically low-demand SKU; overstocked with aging inventory.
SKU04443,SLOW_MOVER,ST21;ST10;ST19;ST09;ST15;ST20;ST23;ST01;ST05;ST27;ST30;ST08;ST29;ST18;ST02;ST28;ST17;ST04;ST03;ST16;ST11;ST14,,,Chronically low-demand SKU; overstocked with aging inventory.
SKU02142,SLOW_MOVER,ST13;ST14;ST28;ST01;ST25;ST06;ST08;ST03;ST18;ST04;ST23;ST10;ST09;ST21;ST15;ST02;ST17;ST20;ST07;ST16;ST27,,,Chronically low-demand SKU; overstocked with aging inventory.
SKU03773,SLOW_MOVER,ST03;ST15;ST22;ST19;ST06;ST13;ST30;ST29;ST10;ST24;ST08;ST18;ST20;ST25;ST04;ST27;ST01;ST02;ST12;ST21;ST05;ST16;ST11;ST17;ST09;ST26;ST28;ST14;ST07,,,Chronically low-demand SKU; overstocked with aging inventory.
SKU03709,SLOW_MOVER,ST24;ST20;ST09;ST04;ST29;ST10;ST01;ST13;ST12;ST07;ST16;ST05;ST14;ST30;ST17;ST11;ST06;ST08;ST23;ST22;ST03,,,Chronically low-demand SKU; overstocked with aging inventory.
SKU02205,SLOW_MOVER,ST20;ST25;ST02;ST07;ST14;ST28;ST18;ST06;ST13;ST17;ST30;ST23;ST03;ST21;ST05;ST19;ST12;ST29;ST11;ST08;ST01;ST15;ST16;ST27;ST04;ST22;ST26;ST10;ST24,,,Chronically low-demand SKU; overstocked with aging inventory.
SKU04153,SLOW_MOVER,ST25;ST15;ST23;ST13;ST06;ST12;ST16;ST02;ST22;ST18;ST09;ST01;ST03;ST29;ST05;ST11;ST30;ST10;ST08;ST28;ST20;ST19;ST14;ST27;ST26;ST21;ST17;ST04;ST24,,,Chronically low-demand SKU; overstocked with aging inventory.
SKU01803,SLOW_MOVER,ST02;ST17;ST04;ST05;ST15;ST10;ST24;ST03;ST09;ST27;ST11;ST26;ST29;ST14;ST21;ST06;ST16;ST18;ST20;ST08;ST22;ST13;ST25,,,Chronically low-demand SKU; overstocked with aging inventory.
SKU03828,SLOW_MOVER,ST20;ST16;ST10;ST01;ST04;ST21;ST24;ST07;ST08;ST17;ST02;ST09;ST25;ST15;ST28;ST19;ST13;ST26;ST11;ST06;ST18;ST29,,,Chronically low-demand SKU; overstocked with aging inventory.
SKU04392,SLOW_MOVER,ST30;ST04;ST19;ST26;ST11;ST13;ST22;ST28;ST18;ST14;ST03;ST29;ST21;ST25;ST12;ST07;ST06;ST20;ST23;ST16;ST27;ST01,,,Chronically low-demand SKU; overstocked with aging inventory.
SKU04504,SLOW_MOVER,ST01;ST04;ST03;ST15;ST14;ST02;ST13;ST30;ST09;ST25;ST06;ST12;ST10;ST26;ST20;ST08,,,Chronically low-demand SKU; overstocked with aging inventory.
SKU03805,SLOW_MOVER,ST18;ST16;ST26;ST08;ST12;ST03;ST15;ST29;ST11;ST27;ST19;ST20;ST06;ST21;ST17;ST02;ST13;ST22;ST05;ST23;ST07;ST30;ST01,,,Chronically low-demand SKU; overstocked with aging inventory.
SKU04717,SLOW_MOVER,ST09;ST30;ST05;ST03;ST29;ST20;ST06;ST12;ST07;ST08;ST02;ST21;ST17;ST28;ST24;ST15;ST01;ST18,,,Chronically low-demand SKU; overstocked with aging inventory.
SKU02112,SLOW_MOVER,ST08;ST12;ST19;ST10;ST07;ST23;ST25;ST05;ST28;ST24;ST15;ST09;ST16;ST14;ST04;ST27;ST11;ST22;ST18;ST13;ST26;ST21;ST06;ST01;ST03;ST29;ST17;ST30;ST02,,,Chronically low-demand SKU; overstocked with aging inventory.
SKU02302,SLOW_MOVER,ST15;ST28;ST02;ST11;ST04;ST30;ST20;ST29;ST23;ST10;ST13;ST12;ST05;ST25;ST26;ST07;ST01;ST22;ST17,,,Chronically low-demand SKU; overstocked with aging inventory.
SKU00066,SLOW_MOVER,ST11;ST30;ST24;ST17;ST21;ST20;ST16;ST29;ST23;ST22;ST15;ST03;ST05;ST14;ST13;ST07;ST27;ST01,,,Chronically low-demand SKU; overstocked with aging inventory.
SKU02541,SLOW_MOVER,ST03;ST01;ST05;ST29;ST23;ST16;ST26;ST09;ST14;ST15;ST19;ST30;ST07;ST11;ST04;ST08;ST24;ST18;ST17;ST12;ST10;ST28;ST22,,,Chronically low-demand SKU; overstocked with aging inventory.
SKU00958,SLOW_MOVER,ST30;ST22;ST11;ST01;ST09;ST13;ST15;ST25;ST07;ST03;ST21;ST12;ST18;ST14;ST04,,,Chronically low-demand SKU; overstocked with aging inventory.
SKU02387,SLOW_MOVER,ST05;ST11;ST16;ST06;ST04;ST01;ST21;ST20;ST19;ST14;ST10;ST18;ST24;ST13;ST23;ST28;ST29;ST27;ST12;ST30;ST26;ST22;ST02;ST15;ST03;ST07;ST25;ST17;ST08,,,Chronically low-demand SKU; overstocked with aging inventory.
SKU01200,SLOW_MOVER,ST21;ST26;ST30;ST04;ST07;ST17;ST27;ST10;ST14;ST01;ST24;ST23;ST28;ST11;ST19;ST06,,,Chronically low-demand SKU; overstocked with aging inventory.
SKU04442,SLOW_MOVER,ST09;ST28;ST23;ST04;ST26;ST03;ST11;ST30;ST24;ST07;ST14;ST12;ST20;ST16;ST06;ST18;ST01;ST22;ST05;ST19;ST10;ST29;ST08;ST21;ST15;ST17;ST02,,,Chronically low-demand SKU; overstocked with aging inventory.
SKU04261,SLOW_MOVER,ST01;ST08;ST06;ST12;ST27;ST11;ST30;ST07;ST20;ST22;ST26;ST29;ST04;ST18;ST25;ST13;ST28;ST14;ST19;ST10;ST17;ST24;ST05;ST15,,,Chronically low-demand SKU; overstocked with aging inventory.
SKU04771,SLOW_MOVER,ST28;ST29;ST11;ST30;ST03;ST26;ST15;ST10;ST20;ST17;ST21;ST19;ST05;ST24;ST02;ST08;ST06;ST14;ST22;ST18;ST25,,,Chronically low-demand SKU; overstocked with aging inventory.
SKU00645,SLOW_MOVER,ST11;ST26;ST21;ST09;ST03;ST25;ST02;ST08;ST23;ST22;ST06;ST24;ST14;ST01;ST17;ST12;ST20;ST18;ST27;ST04;ST28;ST16;ST05;ST07;ST30;ST13;ST19;ST29,,,Chronically low-demand SKU; overstocked with aging inventory.
SKU00758,SLOW_MOVER,ST13;ST21;ST07;ST29;ST16;ST10;ST27;ST03;ST28;ST04;ST09;ST30;ST18;ST22;ST05;ST11;ST25;ST01;ST15;ST19;ST20;ST23;ST26;ST08;ST17,,,Chronically low-demand SKU; overstocked with aging inventory.
SKU04854,SLOW_MOVER,ST03;ST18;ST23;ST19;ST05;ST17;ST20;ST25;ST21;ST15;ST28;ST16;ST07;ST26;ST09;ST04;ST01;ST02;ST24;ST06,,,Chronically low-demand SKU; overstocked with aging inventory.
SKU03347,SLOW_MOVER,ST08;ST21;ST02;ST27;ST12;ST19;ST29;ST18;ST03;ST10;ST07;ST16;ST20;ST22;ST26;ST30;ST06;ST05;ST25;ST17;ST28;ST23,,,Chronically low-demand SKU; overstocked with aging inventory.
SKU02253,SLOW_MOVER,ST07;ST30;ST01;ST03;ST18;ST06;ST22;ST16;ST19;ST08;ST11;ST10;ST20;ST26;ST09;ST04;ST02;ST28;ST23;ST27;ST21;ST13;ST14;ST24;ST12;ST05;ST17,,,Chronically low-demand SKU; overstocked with aging inventory.
SKU02580,SLOW_MOVER,ST26;ST08;ST22;ST01;ST18;ST07;ST25;ST10;ST30;ST24;ST13;ST04;ST28;ST03;ST20;ST17;ST09;ST15;ST02,,,Chronically low-demand SKU; overstocked with aging inventory.
SKU00935,SLOW_MOVER,ST15;ST27;ST23;ST08;ST04;ST11;ST30;ST28;ST05;ST03;ST17;ST06;ST02;ST21;ST10;ST16;ST22;ST09;ST26;ST24;ST12;ST29;ST25;ST01;ST14;ST19;ST18;ST13;ST20,,,Chronically low-demand SKU; overstocked with aging inventory.
SKU03583,SLOW_MOVER,ST22;ST23;ST19;ST27;ST09;ST12;ST26;ST10;ST17;ST20;ST06;ST03;ST29;ST13;ST28;ST21,,,Chronically low-demand SKU; overstocked with aging inventory.
SKU01717,SLOW_MOVER,ST06;ST05;ST14;ST17;ST19;ST25;ST18;ST29;ST16;ST01;ST28;ST23;ST22;ST04;ST13;ST30;ST15;ST27;ST03;ST24,,,Chronically low-demand SKU; overstocked with aging inventory.
SKU03966,SLOW_MOVER,ST15;ST08;ST14;ST18;ST17;ST11;ST25;ST24;ST01;ST28;ST04;ST06;ST05;ST13;ST10;ST23,,,Chronically low-demand SKU; overstocked with aging inventory.
SKU04526,SLOW_MOVER,ST07;ST16;ST26;ST11;ST05;ST06;ST28;ST27;ST23;ST09;ST08;ST29;ST03;ST14;ST04;ST30;ST10;ST19;ST21;ST22;ST20;ST25;ST12;ST01;ST17;ST24;ST15;ST02;ST13,,,Chronically low-demand SKU; overstocked with aging inventory.
SKU04145,SLOW_MOVER,ST04;ST15;ST02;ST22;ST26;ST24;ST19;ST05;ST21;ST17;ST28;ST06;ST14;ST20;ST12;ST25;ST29,,,Chronically low-demand SKU; overstocked with aging inventory.
SKU04228,SLOW_MOVER,ST17;ST15;ST30;ST08;ST25;ST28;ST12;ST21;ST19;ST18;ST20;ST29;ST04;ST10;ST05;ST01;ST22;ST03;ST24;ST13;ST06;ST16;ST07;ST26;ST09;ST02;ST27,,,Chronically low-demand SKU; overstocked with aging inventory.
SKU00167,SLOW_MOVER,ST02;ST17;ST05;ST01;ST28;ST03;ST11;ST21;ST30;ST26;ST10;ST27;ST14;ST25;ST13;ST08;ST19;ST23;ST12;ST06;ST16;ST22;ST24;ST15;ST09;ST04;ST20;ST07;ST29;ST18,,,Chronically low-demand SKU; overstocked with aging inventory.
SKU00521,SLOW_MOVER,ST30;ST07;ST13;ST02;ST08;ST26;ST06;ST05;ST19;ST29;ST18;ST22;ST17;ST21;ST12;ST04;ST09;ST20,,,Chronically low-demand SKU; overstocked with aging inventory.
SKU03491,SLOW_MOVER,ST13;ST03;ST09;ST04;ST07;ST28;ST21;ST24;ST27;ST02;ST23;ST06;ST14;ST05;ST08;ST11;ST15;ST01;ST10,,,Chronically low-demand SKU; overstocked with aging inventory.
SKU03634,SLOW_MOVER,ST03;ST14;ST19;ST23;ST17;ST15;ST12;ST27;ST10;ST11;ST06;ST05;ST13;ST26;ST01;ST28;ST18;ST16;ST20;ST07;ST25;ST29;ST04;ST22;ST21;ST08,,,Chronically low-demand SKU; overstocked with aging inventory.
SKU01770,SLOW_MOVER,ST19;ST05;ST30;ST18;ST07;ST23;ST02;ST27;ST13;ST16;ST09;ST26;ST08;ST14;ST25,,,Chronically low-demand SKU; overstocked with aging inventory.
SKU01407,SLOW_MOVER,ST02;ST17;ST13;ST03;ST09;ST11;ST07;ST22;ST29;ST23;ST28;ST25;ST19;ST06;ST12;ST08;ST18;ST15;ST14;ST30;ST04;ST10,,,Chronically low-demand SKU; overstocked with aging inventory.
SKU04215,SLOW_MOVER,ST20;ST05;ST28;ST22;ST29;ST11;ST09;ST15;ST10;ST30;ST07;ST16;ST24;ST17;ST06;ST25;ST21;ST14;ST01;ST19;ST08;ST27;ST18;ST03;ST26;ST02;ST13,,,Chronically low-demand SKU; overstocked with aging inventory.
SKU00498,SLOW_MOVER,ST05;ST15;ST04;ST22;ST28;ST08;ST27;ST23;ST29;ST03;ST07;ST30;ST09;ST11;ST02;ST01;ST17;ST13;ST20;ST14;ST18;ST21;ST24;ST19;ST12;ST10,,,Chronically low-demand SKU; overstocked with aging inventory.
SKU00371,SLOW_MOVER,ST07;ST25;ST17;ST04;ST30;ST05;ST08;ST21;ST13;ST02;ST09;ST28;ST20;ST12;ST22;ST16;ST26;ST15;ST23;ST03;ST11,,,Chronically low-demand SKU; overstocked with aging inventory.
SKU02376,SLOW_MOVER,ST21;ST25;ST13;ST17;ST09;ST22;ST19;ST26;ST02;ST05;ST08;ST11;ST07;ST10;ST01;ST16;ST24;ST14;ST28;ST20;ST12;ST30,,,Chronically low-demand SKU; overstocked with aging inventory.
SKU03251,SLOW_MOVER,ST06;ST17;ST29;ST14;ST12;ST30;ST10;ST23;ST27;ST11;ST04;ST22;ST13;ST19;ST15,,,Chronically low-demand SKU; overstocked with aging inventory.
SKU01874,SLOW_MOVER,ST19;ST14;ST11;ST22;ST17;ST13;ST21;ST29;ST07;ST01;ST28;ST30;ST06;ST18;ST03;ST23,,,Chronically low-demand SKU; overstocked with aging inventory.
SKU01075,SLOW_MOVER,ST18;ST16;ST21;ST01;ST09;ST28;ST30;ST07;ST14;ST13;ST20;ST23;ST08;ST12;ST02;ST25;ST27;ST22;ST26;ST03;ST15;ST06;ST04;ST11;ST24,,,Chronically low-demand SKU; overstocked with aging inventory.
SKU03848,SLOW_MOVER,ST04;ST26;ST06;ST17;ST20;ST02;ST10;ST12;ST27;ST24;ST03;ST30;ST07;ST21;ST29;ST22;ST15;ST09;ST01;ST28,,,Chronically low-demand SKU; overstocked with aging inventory.
SKU03839,SLOW_MOVER,ST14;ST17;ST11;ST29;ST18;ST16;ST26;ST20;ST05;ST04;ST07;ST30;ST15;ST23;ST13;ST28;ST24;ST06;ST03;ST10;ST19;ST02;ST21;ST27;ST12;ST25,,,Chronically low-demand SKU; overstocked with aging inventory.
SKU04901,SLOW_MOVER,ST11;ST20;ST04;ST21;ST01;ST07;ST09;ST05;ST02;ST28;ST18;ST03;ST30;ST15;ST06;ST12;ST08;ST16;ST29;ST19;ST27;ST22;ST23;ST10,,,Chronically low-demand SKU; overstocked with aging inventory.
SKU03807,SLOW_MOVER,ST01;ST23;ST18;ST11;ST02;ST20;ST10;ST27;ST26;ST17;ST15;ST25;ST14;ST04;ST03;ST30,,,Chronically low-demand SKU; overstocked with aging inventory.
SKU00858,SLOW_MOVER,ST07;ST01;ST28;ST26;ST05;ST04;ST27;ST13;ST21;ST09;ST12;ST10;ST11;ST29;ST06;ST17;ST02,,,Chronically low-demand SKU; overstocked with aging inventory.
SKU00654,SLOW_MOVER,ST08;ST19;ST18;ST17;ST05;ST24;ST07;ST01;ST14;ST11;ST28;ST03;ST23;ST13;ST25;ST10;ST09;ST30;ST04;ST22;ST15;ST16;ST26;ST20;ST21;ST12,,,Chronically low-demand SKU; overstocked with aging inventory.
SKU00075,SLOW_MOVER,ST16;ST20;ST17;ST23;ST19;ST21;ST08;ST30;ST15;ST14;ST12;ST29;ST02;ST10;ST24;ST28;ST27;ST04;ST09,,,Chronically low-demand SKU; overstocked with aging inventory.
SKU02221,SLOW_MOVER,ST14;ST15;ST30;ST01;ST22;ST02;ST20;ST13;ST09;ST17;ST24;ST05;ST25;ST23;ST12;ST10;ST08;ST19;ST16;ST04;ST21;ST06,,,Chronically low-demand SKU; overstocked with aging inventory.
SKU02471,SLOW_MOVER,ST11;ST20;ST23;ST29;ST02;ST08;ST30;ST14;ST05;ST25;ST10;ST27;ST09;ST21;ST03;ST28;ST22;ST19;ST15;ST12;ST01;ST07;ST26;ST04;ST06;ST13;ST18,,,Chronically low-demand SKU; overstocked with aging inventory.
SKU00860,SLOW_MOVER,ST05;ST29;ST14;ST23;ST22;ST06;ST27;ST09;ST11;ST01;ST24;ST13;ST21;ST02;ST16;ST17;ST15;ST28,,,Chronically low-demand SKU; overstocked with aging inventory.
SKU00024,SLOW_MOVER,ST09;ST20;ST10;ST06;ST08;ST15;ST23;ST14;ST13;ST17;ST07;ST29;ST21;ST30;ST03;ST02;ST24;ST22;ST12;ST01;ST28;ST27;ST26;ST05;ST19,,,Chronically low-demand SKU; overstocked with aging inventory.
SKU01568,SLOW_MOVER,ST29;ST17;ST09;ST15;ST08;ST14;ST07;ST23;ST05;ST30;ST06;ST25;ST24;ST21;ST19;ST12;ST01;ST03;ST28;ST26;ST04;ST11;ST13;ST27,,,Chronically low-demand SKU; overstocked with aging inventory.
SKU01911,SLOW_MOVER,ST22;ST11;ST24;ST03;ST21;ST15;ST13;ST16;ST20;ST25;ST12;ST08;ST26;ST06;ST30;ST23;ST19;ST01;ST04;ST10;ST09;ST05;ST02,,,Chronically low-demand SKU; overstocked with aging inventory.
SKU03627,SLOW_MOVER,ST20;ST23;ST12;ST18;ST10;ST22;ST01;ST09;ST06;ST29;ST13;ST28;ST27;ST02;ST07;ST30;ST16;ST11;ST17;ST04;ST25;ST05;ST19;ST14,,,Chronically low-demand SKU; overstocked with aging inventory.
SKU03177,SLOW_MOVER,ST22;ST24;ST10;ST16;ST19;ST28;ST08;ST23;ST07;ST21;ST09;ST02;ST25;ST17;ST27;ST12;ST15;ST26;ST29;ST01;ST03,,,Chronically low-demand SKU; overstocked with aging inventory.
SKU03089,SLOW_MOVER,ST20;ST11;ST23;ST18;ST26;ST15;ST09;ST12;ST02;ST10;ST05;ST27;ST07;ST01;ST28;ST17;ST19;ST14;ST30;ST29;ST24;ST08;ST04;ST13;ST03;ST16;ST22;ST06;ST21,,,Chronically low-demand SKU; overstocked with aging inventory.
SKU03603,SLOW_MOVER,ST23;ST03;ST04;ST07;ST25;ST29;ST08;ST18;ST26;ST17;ST21;ST13;ST10;ST19;ST09;ST05;ST16;ST22;ST20;ST30;ST02;ST15;ST14;ST06;ST27;ST01;ST12;ST24,,,Chronically low-demand SKU; overstocked with aging inventory.
SKU04726,SLOW_MOVER,ST11;ST21;ST14;ST08;ST06;ST23;ST29;ST10;ST03;ST09;ST16;ST25;ST17;ST18;ST05;ST24;ST26;ST19;ST22;ST28;ST30;ST12;ST01,,,Chronically low-demand SKU; overstocked with aging inventory.
SKU00355,SLOW_MOVER,ST29;ST24;ST25;ST18;ST03;ST17;ST01;ST27;ST02;ST04;ST13;ST12;ST10;ST23;ST05;ST21;ST19;ST16;ST20;ST28;ST08;ST15;ST26;ST14;ST11;ST22;ST09;ST30;ST06,,,Chronically low-demand SKU; overstocked with aging inventory.
SKU02710,SLOW_MOVER,ST01;ST07;ST24;ST13;ST06;ST18;ST17;ST15;ST16;ST23;ST14;ST03;ST04;ST29;ST28;ST05;ST12;ST11;ST26;ST22;ST20;ST25;ST02;ST21,,,Chronically low-demand SKU; overstocked with aging inventory.
SKU01880,SLOW_MOVER,ST15;ST08;ST01;ST09;ST21;ST05;ST23;ST16;ST19;ST18;ST11;ST24;ST25;ST06;ST29;ST02;ST22;ST17,,,Chronically low-demand SKU; overstocked with aging inventory.
SKU00551,SLOW_MOVER,ST18;ST16;ST08;ST25;ST27;ST04;ST13;ST01;ST10;ST14;ST24;ST26;ST29;ST20;ST30,,,Chronically low-demand SKU; overstocked with aging inventory.
SKU00401,SLOW_MOVER,ST10;ST16;ST26;ST04;ST29;ST12;ST13;ST23;ST06;ST15;ST11;ST27;ST28;ST07;ST09;ST17;ST01;ST22;ST08;ST21;ST03;ST19;ST25;ST18,,,Chronically low-demand SKU; overstocked with aging inventory.
SKU01167,SLOW_MOVER,ST02;ST10;ST29;ST03;ST19;ST14;ST07;ST16;ST27;ST30;ST13;ST17;ST23;ST20;ST04;ST05;ST28;ST11;ST21,,,Chronically low-demand SKU; overstocked with aging inventory.
SKU01754,SLOW_MOVER,ST20;ST26;ST21;ST11;ST18;ST19;ST12;ST24;ST17;ST07;ST28;ST03;ST06;ST09;ST13;ST23;ST10;ST15;ST27;ST08;ST22;ST05;ST14;ST01;ST30;ST25;ST02;ST29,,,Chronically low-demand SKU; overstocked with aging inventory.
SKU01133,SLOW_MOVER,ST02;ST22;ST27;ST05;ST09;ST26;ST16;ST18;ST08;ST21;ST28;ST10;ST17;ST20;ST07;ST30;ST15;ST06,,,Chronically low-demand SKU; overstocked with aging inventory.
SKU03115,SLOW_MOVER,ST23;ST25;ST26;ST08;ST06;ST20;ST16;ST17;ST10;ST04;ST03;ST27;ST09;ST12;ST02;ST18;ST15;ST07;ST28;ST22;ST29;ST13;ST30;ST19;ST01;ST21;ST24;ST05;ST11,,,Chronically low-demand SKU; overstocked with aging inventory.
SKU03837,SLOW_MOVER,ST25;ST27;ST17;ST23;ST30;ST28;ST01;ST11;ST20;ST26;ST16;ST18;ST02;ST07;ST08;ST19;ST09;ST24;ST10;ST03,,,Chronically low-demand SKU; overstocked with aging inventory.
SKU02768,SLOW_MOVER,ST01;ST07;ST04;ST19;ST14;ST24;ST11;ST27;ST20;ST17;ST08;ST16;ST21;ST28;ST10;ST09;ST02;ST29;ST12;ST22,,,Chronically low-demand SKU; overstocked with aging inventory.
SKU00679,SLOW_MOVER,ST25;ST11;ST23;ST10;ST16;ST04;ST20;ST08;ST09;ST06;ST21;ST24;ST12;ST02;ST15;ST18;ST01;ST13;ST07;ST19,,,Chronically low-demand SKU; overstocked with aging inventory.
SKU01046,SLOW_MOVER,ST16;ST10;ST19;ST11;ST25;ST20;ST14;ST28;ST29;ST13;ST03;ST06;ST07;ST26;ST04;ST08;ST01;ST09;ST27;ST22;ST17;ST18;ST30;ST21;ST05;ST24;ST02,,,Chronically low-demand SKU; overstocked with aging inventory.
SKU00550,SLOW_MOVER,ST20;ST17;ST11;ST19;ST15;ST21;ST12;ST10;ST09;ST14;ST05;ST01;ST22;ST28;ST03;ST24;ST16;ST30;ST27;ST07;ST04;ST18;ST08;ST23;ST26;ST13;ST25;ST02;ST29,,,Chronically low-demand SKU; overstocked with aging inventory.
SKU03257,SLOW_MOVER,ST05;ST15;ST24;ST07;ST10;ST12;ST02;ST22;ST01;ST17;ST25;ST21;ST30;ST13;ST14;ST09;ST11;ST26;ST28;ST29;ST06;ST23;ST03;ST20;ST04;ST08;ST18;ST19,,,Chronically low-demand SKU; overstocked with aging inventory.
SKU03105,SLOW_MOVER,ST06;ST30;ST15;ST11;ST22;ST01;ST18;ST29;ST25;ST20;ST28;ST26;ST04;ST08;ST24;ST10;ST07;ST17;ST16;ST05;ST19;ST23;ST21;ST09;ST12;ST14,,,Chronically low-demand SKU; overstocked with aging inventory.
SKU01818,SLOW_MOVER,ST11;ST01;ST29;ST26;ST20;ST21;ST07;ST27;ST04;ST22;ST10;ST17;ST16;ST23;ST05;ST12;ST19;ST09;ST13;ST03;ST24;ST06;ST14;ST30,,,Chronically low-demand SKU; overstocked with aging inventory.
SKU00546,SLOW_MOVER,ST29;ST09;ST20;ST17;ST14;ST07;ST12;ST02;ST26;ST10;ST30;ST22;ST21;ST23;ST08;ST04;ST19;ST01;ST13;ST18;ST03;ST25;ST05;ST06;ST15;ST16,,,Chronically low-demand SKU; overstocked with aging inventory.
SKU01542,SLOW_MOVER,ST20;ST07;ST26;ST03;ST16;ST29;ST10;ST02;ST23;ST22;ST13;ST12;ST17;ST01;ST08;ST25;ST24;ST21;ST14;ST05;ST27;ST15,,,Chronically low-demand SKU; overstocked with aging inventory.
SKU04217,SLOW_MOVER,ST21;ST16;ST10;ST19;ST11;ST18;ST06;ST20;ST28;ST29;ST17;ST05;ST27;ST14;ST22;ST30;ST24;ST01;ST23;ST03;ST08;ST25,,,Chronically low-demand SKU; overstocked with aging inventory.
SKU00462,SLOW_MOVER,ST26;ST28;ST10;ST19;ST03;ST21;ST17;ST11;ST02;ST13;ST23;ST06;ST29;ST18;ST22;ST12,,,Chronically low-demand SKU; overstocked with aging inventory.
SKU03291,SLOW_MOVER,ST18;ST05;ST22;ST06;ST21;ST14;ST01;ST02;ST24;ST16;ST26;ST23;ST04;ST08;ST29,,,Chronically low-demand SKU; overstocked with aging inventory.
SKU03484,SLOW_MOVER,ST11;ST01;ST22;ST02;ST28;ST03;ST13;ST05;ST26;ST19;ST14;ST17;ST20;ST09;ST16;ST10;ST04;ST23;ST21;ST29;ST25;ST07;ST30;ST24;ST08;ST27;ST15,,,Chronically low-demand SKU; overstocked with aging inventory.
SKU03108,SLOW_MOVER,ST20;ST05;ST12;ST25;ST03;ST18;ST29;ST21;ST23;ST27;ST02;ST07;ST28;ST26;ST13;ST06,,,Chronically low-demand SKU; overstocked with aging inventory.
SKU04194,SLOW_MOVER,ST22;ST12;ST05;ST01;ST25;ST16;ST29;ST20;ST11;ST03;ST09;ST08;ST24;ST02;ST06;ST17;ST07;ST14;ST10;ST27;ST04,,,Chronically low-demand SKU; overstocked with aging inventory.
SKU03014,SLOW_MOVER,ST17;ST22;ST21;ST06;ST07;ST24;ST10;ST12;ST13;ST25;ST30;ST11;ST20;ST28;ST01;ST05;ST16;ST04;ST18;ST09;ST29;ST14;ST19;ST27,,,Chronically low-demand SKU; overstocked with aging inventory.
SKU02057,SLOW_MOVER,ST08;ST07;ST16;ST26;ST09;ST02;ST30;ST19;ST12;ST25;ST23;ST14;ST04;ST01;ST18;ST22;ST10;ST21;ST13;ST27;ST05;ST11;ST06;ST15;ST20;ST29,,,Chronically low-demand SKU; overstocked with aging inventory.
SKU04236,SLOW_MOVER,ST13;ST28;ST25;ST09;ST16;ST30;ST15;ST11;ST29;ST26;ST08;ST23;ST18;ST01;ST10;ST21;ST04;ST22;ST17;ST03;ST19;ST06;ST02;ST27,,,Chronically low-demand SKU; overstocked with aging inventory.
SKU04062,SLOW_MOVER,ST29;ST24;ST12;ST30;ST13;ST09;ST20;ST27;ST15;ST06;ST17;ST01;ST02;ST16;ST18;ST22;ST05;ST19;ST10;ST07;ST23;ST28;ST11;ST03;ST26;ST25;ST08;ST21,,,Chronically low-demand SKU; overstocked with aging inventory.
SKU00592,SLOW_MOVER,ST17;ST18;ST21;ST30;ST06;ST04;ST26;ST01;ST10;ST27;ST07;ST22;ST20;ST24;ST28;ST23;ST08,,,Chronically low-demand SKU; overstocked with aging inventory.
SKU03493,SLOW_MOVER,ST19;ST22;ST09;ST05;ST07;ST04;ST26;ST11;ST27;ST14;ST30;ST03;ST24;ST23;ST10;ST16;ST12;ST17;ST25;ST21;ST15;ST06;ST28,,,Chronically low-demand SKU; overstocked with aging inventory.
SKU03931,SLOW_MOVER,ST26;ST24;ST23;ST28;ST04;ST17;ST15;ST16;ST20;ST29;ST27;ST07;ST01;ST11;ST12,,,Chronically low-demand SKU; overstocked with aging inventory.
SKU00954,SLOW_MOVER,ST29;ST19;ST20;ST08;ST18;ST07;ST13;ST04;ST12;ST09;ST24;ST03;ST11;ST23;ST27;ST15;ST22;ST17;ST06;ST30;ST02;ST10;ST26,,,Chronically low-demand SKU; overstocked with aging inventory.
SKU01645,SLOW_MOVER,ST11;ST28;ST20;ST15;ST24;ST04;ST27;ST16;ST09;ST14;ST19;ST08;ST22;ST03;ST10,,,Chronically low-demand SKU; overstocked with aging inventory.
SKU02570,SLOW_MOVER,ST28;ST27;ST02;ST16;ST01;ST04;ST10;ST05;ST08;ST23;ST14;ST03;ST21;ST07;ST17,,,Chronically low-demand SKU; overstocked with aging inventory.
SKU02842,SLOW_MOVER,ST15;ST21;ST08;ST05;ST27;ST07;ST14;ST29;ST09;ST26;ST03;ST16;ST17;ST19;ST11;ST04;ST18;ST01;ST10;ST28;ST22;ST24;ST25,,,Chronically low-demand SKU; overstocked with aging inventory.
SKU00240,SLOW_MOVER,ST02;ST24;ST27;ST22;ST08;ST28;ST26;ST05;ST09;ST16;ST21;ST23;ST14;ST03;ST29;ST12;ST19;ST18;ST15;ST20;ST25;ST10;ST11;ST13;ST04;ST07;ST01,,,Chronically low-demand SKU; overstocked with aging inventory.
SKU00466,SLOW_MOVER,ST14;ST22;ST09;ST25;ST18;ST28;ST21;ST13;ST27;ST30;ST19;ST01;ST03;ST07;ST08;ST26,,,Chronically low-demand SKU; overstocked with aging inventory.
SKU04532,SLOW_MOVER,ST02;ST04;ST18;ST28;ST26;ST23;ST27;ST24;ST08;ST01;ST10;ST21;ST19;ST03;ST05;ST11;ST25;ST15;ST13;ST22;ST29;ST12;ST30,,,Chronically low-demand SKU; overstocked with aging inventory.
SKU02267,SLOW_MOVER,ST28;ST23;ST16;ST29;ST22;ST08;ST26;ST07;ST18;ST03;ST15;ST17;ST05;ST06;ST14;ST19;ST25;ST24;ST20;ST04;ST27;ST13;ST21;ST09;ST11;ST10;ST01;ST02;ST12,,,Chronically low-demand SKU; overstocked with aging inventory.
SKU04491,SLOW_MOVER,ST25;ST14;ST20;ST28;ST19;ST07;ST24;ST12;ST03;ST21;ST29;ST22;ST06;ST30;ST09;ST17;ST27;ST11;ST10;ST08;ST26;ST15;ST18;ST13;ST01;ST05,,,Chronically low-demand SKU; overstocked with aging inventory.
SKU03740,SLOW_MOVER,ST27;ST22;ST15;ST09;ST30;ST10;ST29;ST12;ST16;ST08;ST06;ST23;ST24;ST21;ST20,,,Chronically low-demand SKU; overstocked with aging inventory.
SKU00501,SLOW_MOVER,ST11;ST14;ST24;ST02;ST23;ST22;ST10;ST15;ST05;ST18;ST06;ST04;ST27;ST21;ST08;ST30;ST09,,,Chronically low-demand SKU; overstocked with aging inventory.
SKU01174,SLOW_MOVER,ST14;ST08;ST03;ST07;ST09;ST05;ST29;ST23;ST24;ST30;ST15;ST12;ST01;ST22;ST06;ST16;ST21;ST26;ST18;ST19;ST04;ST20;ST28;ST13;ST11;ST25;ST17;ST02;ST10,,,Chronically low-demand SKU; overstocked with aging inventory.
SKU04319,SLOW_MOVER,ST07;ST22;ST06;ST15;ST23;ST21;ST29;ST02;ST26;ST16;ST04;ST14;ST11;ST25;ST28;ST30;ST20;ST17,,,Chronically low-demand SKU; overstocked with aging inventory.
SKU03582,SLOW_MOVER,ST07;ST21;ST10;ST22;ST08;ST11;ST17;ST27;ST29;ST23;ST03;ST19;ST01;ST20;ST26;ST04,,,Chronically low-demand SKU; overstocked with aging inventory.
SKU04665,SLOW_MOVER,ST24;ST28;ST25;ST06;ST20;ST17;ST22;ST27;ST29;ST26;ST13;ST11;ST05;ST14;ST18;ST10;ST09;ST04;ST12;ST15;ST01;ST23;ST02;ST03;ST30;ST21;ST19,,,Chronically low-demand SKU; overstocked with aging inventory.
SKU01396,SLOW_MOVER,ST11;ST28;ST26;ST02;ST20;ST10;ST22;ST12;ST03;ST27;ST06;ST07;ST04;ST15;ST18;ST24;ST19;ST23;ST16;ST30,,,Chronically low-demand SKU; overstocked with aging inventory.
SKU02129,SLOW_MOVER,ST25;ST18;ST09;ST15;ST26;ST21;ST17;ST12;ST27;ST04;ST30;ST11;ST05;ST02;ST14;ST22;ST28;ST10;ST07;ST01;ST08;ST24;ST03;ST16;ST23;ST20;ST19;ST13;ST29,,,Chronically low-demand SKU; overstocked with aging inventory.
SKU02780,SLOW_MOVER,ST04;ST25;ST28;ST07;ST24;ST27;ST09;ST23;ST12;ST17;ST21;ST10;ST22;ST15;ST18;ST13;ST02;ST30;ST11;ST03;ST08;ST01;ST19;ST05;ST16;ST26;ST06;ST20,,,Chronically low-demand SKU; overstocked with aging inventory.
SKU00682,SLOW_MOVER,ST08;ST12;ST24;ST17;ST21;ST09;ST22;ST06;ST04;ST26;ST18;ST19;ST15;ST07;ST05;ST11;ST25;ST27;ST20;ST01;ST29;ST28;ST23;ST16;ST14;ST03;ST10;ST30;ST02;ST13,,,Chronically low-demand SKU; overstocked with aging inventory.
SKU01070,SLOW_MOVER,ST03;ST12;ST02;ST20;ST08;ST13;ST10;ST14;ST25;ST23;ST26;ST05;ST28;ST18;ST30;ST19;ST29;ST07;ST01;ST16;ST09;ST21;ST15;ST22;ST06,,,Chronically low-demand SKU; overstocked with aging inventory.
SKU03863,SLOW_MOVER,ST15;ST18;ST17;ST19;ST12;ST10;ST20;ST04;ST28;ST11;ST26;ST16;ST13;ST25;ST06;ST21;ST01;ST08;ST14;ST27;ST29;ST30;ST09;ST22;ST02;ST24;ST23;ST05;ST03,,,Chronically low-demand SKU; overstocked with aging inventory.
SKU04679,SLOW_MOVER,ST24;ST08;ST17;ST05;ST07;ST30;ST25;ST04;ST06;ST27;ST22;ST20;ST23;ST15;ST29;ST21;ST13;ST12;ST26;ST14;ST09;ST11;ST28;ST02;ST18;ST19;ST10;ST01,,,Chronically low-demand SKU; overstocked with aging inventory.
SKU04996,SLOW_MOVER,ST19;ST27;ST03;ST24;ST07;ST26;ST12;ST13;ST29;ST02;ST20;ST30;ST10;ST18;ST09;ST01;ST05;ST22;ST16,,,Chronically low-demand SKU; overstocked with aging inventory.
SKU05000,SLOW_MOVER,ST07;ST12;ST25;ST04;ST18;ST13;ST24;ST17;ST16;ST29;ST05;ST26;ST01;ST03;ST11;ST15;ST02;ST30;ST10,,,Chronically low-demand SKU; overstocked with aging inventory.
SKU01104,SLOW_MOVER,ST29;ST28;ST21;ST26;ST09;ST22;ST06;ST03;ST02;ST08;ST14;ST24;ST07;ST23;ST30;ST12;ST18;ST20;ST25;ST10;ST11;ST19;ST15;ST17;ST04;ST13;ST01,,,Chronically low-demand SKU; overstocked with aging inventory.
SKU01433,SLOW_MOVER,ST25;ST29;ST30;ST23;ST05;ST12;ST27;ST16;ST18;ST09;ST26;ST24;ST15;ST14;ST02;ST28;ST22;ST21;ST10;ST17;ST11;ST13;ST06;ST08;ST04;ST20;ST07;ST03;ST01;ST19,,,Chronically low-demand SKU; overstocked with aging inventory.
SKU01592,SLOW_MOVER,ST26;ST03;ST09;ST18;ST14;ST24;ST04;ST01;ST29;ST22;ST13;ST19;ST08;ST12;ST30,,,Chronically low-demand SKU; overstocked with aging inventory.
SKU00186,SLOW_MOVER,ST11;ST29;ST18;ST24;ST07;ST02;ST08;ST05;ST12;ST25;ST13;ST01;ST14;ST20;ST03;ST28;ST19;ST15;ST26;ST30,,,Chronically low-demand SKU; overstocked with aging inventory.
SKU03152,SLOW_MOVER,ST10;ST11;ST28;ST14;ST08;ST19;ST13;ST05;ST12;ST23;ST09;ST15;ST20;ST21;ST30;ST24;ST16;ST01;ST06;ST26;ST29;ST07,,,Chronically low-demand SKU; overstocked with aging inventory.
SKU02718,SLOW_MOVER,ST16;ST10;ST05;ST02;ST07;ST06;ST22;ST08;ST26;ST12;ST03;ST29;ST19;ST20;ST11;ST21;ST04;ST28;ST14;ST17;ST15;ST30;ST24;ST25;ST09;ST23;ST13;ST01,,,Chronically low-demand SKU; overstocked with aging inventory.
SKU03173,SLOW_MOVER,ST24;ST21;ST08;ST14;ST03;ST28;ST27;ST23;ST19;ST16;ST26;ST06;ST30;ST12;ST04;ST01;ST20;ST05;ST11;ST17;ST29,,,Chronically low-demand SKU; overstocked with aging inventory.
SKU00251,SLOW_MOVER,ST20;ST12;ST25;ST29;ST01;ST02;ST17;ST26;ST04;ST09;ST16;ST07;ST14;ST19;ST11;ST18;ST08;ST24;ST10;ST13;ST03;ST28,,,Chronically low-demand SKU; overstocked with aging inventory.
SKU04019,SLOW_MOVER,ST25;ST19;ST22;ST03;ST10;ST07;ST06;ST11;ST26;ST15;ST05;ST27;ST24;ST17;ST14;ST04;ST16;ST29;ST20;ST23;ST30;ST09,,,Chronically low-demand SKU; overstocked with aging inventory.
SKU02472,SLOW_MOVER,ST25;ST01;ST11;ST22;ST14;ST30;ST06;ST20;ST07;ST21;ST09;ST03;ST24;ST16;ST28;ST23;ST13;ST05;ST17;ST08,,,Chronically low-demand SKU; overstocked with aging inventory.
SKU00775,SLOW_MOVER,ST09;ST25;ST19;ST04;ST16;ST29;ST06;ST03;ST13;ST10;ST11;ST20;ST27;ST22;ST24;ST17;ST28;ST02;ST01,,,Chronically low-demand SKU; overstocked with aging inventory.
SKU03286,SLOW_MOVER,ST14;ST25;ST16;ST10;ST02;ST05;ST19;ST13;ST12;ST26;ST06;ST30;ST23;ST18;ST08,,,Chronically low-demand SKU; overstocked with aging inventory.
SKU04605,SLOW_MOVER,ST06;ST14;ST24;ST29;ST22;ST21;ST01;ST03;ST23;ST10;ST30;ST18;ST09;ST02;ST04;ST15;ST11;ST05;ST13,,,Chronically low-demand SKU; overstocked with aging inventory.
SKU01287,SLOW_MOVER,ST26;ST06;ST25;ST11;ST17;ST19;ST27;ST23;ST28;ST20;ST08;ST14;ST16;ST04;ST22;ST05;ST01;ST12;ST29,,,Chronically low-demand SKU; overstocked with aging inventory.
SKU00449,SLOW_MOVER,ST12;ST08;ST20;ST27;ST06;ST15;ST25;ST18;ST04;ST28;ST23;ST13;ST05;ST10;ST11;ST17;ST30;ST09;ST22,,,Chronically low-demand SKU; overstocked with aging inventory.
SKU04654,SLOW_MOVER,ST30;ST26;ST11;ST27;ST06;ST25;ST03;ST22;ST07;ST28;ST08;ST12;ST09;ST02;ST05;ST21;ST17;ST04;ST19;ST10;ST14;ST18;ST24;ST13;ST23;ST20;ST15;ST16;ST29,,,Chronically low-demand SKU; overstocked with aging inventory.
SKU00638,SLOW_MOVER,ST28;ST12;ST04;ST18;ST15;ST08;ST09;ST05;ST29;ST03;ST22;ST01;ST11;ST07;ST19;ST16;ST30;ST10;ST21;ST14;ST26;ST17;ST23;ST13,,,Chronically low-demand SKU; overstocked with aging inventory.
SKU03150,SLOW_MOVER,ST06;ST30;ST08;ST05;ST16;ST27;ST24;ST15;ST23;ST02;ST12;ST11;ST20;ST09;ST17;ST26;ST01;ST13;ST18;ST21;ST22;ST28;ST29;ST10;ST07;ST04,,,Chronically low-demand SKU; overstocked with aging inventory.
SKU04941,SLOW_MOVER,ST09;ST25;ST10;ST20;ST05;ST18;ST12;ST24;ST03;ST28;ST08;ST02;ST15;ST01;ST13;ST14;ST04;ST23;ST26,,,Chronically low-demand SKU; overstocked with aging inventory.
SKU04643,SLOW_MOVER,ST11;ST09;ST29;ST27;ST23;ST16;ST08;ST02;ST04;ST10;ST14;ST24;ST06;ST28;ST17;ST30;ST19;ST13;ST26;ST12;ST07;ST21;ST05;ST22;ST15;ST20,,,Chronically low-demand SKU; overstocked with aging inventory.
SKU00584,SLOW_MOVER,ST10;ST04;ST18;ST02;ST01;ST28;ST11;ST29;ST08;ST27;ST16;ST07;ST21;ST30;ST25;ST20;ST24,,,Chronically low-demand SKU; overstocked with aging inventory.
SKU00262,SLOW_MOVER,ST10;ST23;ST15;ST20;ST14;ST06;ST24;ST03;ST26;ST29;ST01;ST30;ST19;ST21;ST16;ST08;ST07;ST09,,,Chronically low-demand SKU; overstocked with aging inventory.
SKU00421,SLOW_MOVER,ST20;ST05;ST29;ST26;ST09;ST28;ST11;ST08;ST01;ST14;ST10;ST21;ST16;ST03;ST18;ST02;ST12;ST04,,,Chronically low-demand SKU; overstocked with aging inventory.
SKU00350,SLOW_MOVER,ST14;ST20;ST22;ST17;ST24;ST19;ST09;ST10;ST29;ST21;ST07;ST18;ST30;ST28;ST12;ST26;ST02;ST06;ST05;ST08,,,Chronically low-demand SKU; overstocked with aging inventory.
SKU01696,SLOW_MOVER,ST27;ST17;ST03;ST28;ST12;ST09;ST10;ST30;ST19;ST15;ST02;ST26;ST20;ST13;ST14;ST01;ST23;ST06;ST29;ST22;ST08;ST24;ST07;ST25;ST05;ST21;ST18;ST11;ST16;ST04,,,Chronically low-demand SKU; overstocked with aging inventory.
SKU01649,SLOW_MOVER,ST16;ST30;ST17;ST06;ST01;ST25;ST12;ST04;ST18;ST02;ST29;ST20;ST21;ST27;ST10;ST14;ST05;ST15;ST22;ST23;ST03,,,Chronically low-demand SKU; overstocked with aging inventory.
SKU03254,SLOW_MOVER,ST29;ST30;ST18;ST13;ST07;ST15;ST16;ST09;ST27;ST20;ST26;ST10;ST25;ST22;ST21;ST19;ST08;ST05;ST28;ST06;ST03;ST02;ST24;ST01;ST23;ST14,,,Chronically low-demand SKU; overstocked with aging inventory.
SKU00317,SLOW_MOVER,ST14;ST22;ST05;ST10;ST11;ST19;ST02;ST12;ST07;ST30;ST15;ST25;ST18;ST23;ST20;ST01;ST04;ST27;ST06;ST28;ST17;ST03;ST13;ST29;ST09;ST21,,,Chronically low-demand SKU; overstocked with aging inventory.
SKU04831,SLOW_MOVER,ST05;ST10;ST06;ST03;ST23;ST20;ST14;ST01;ST13;ST08;ST25;ST29;ST26;ST07;ST18;ST17;ST30;ST19;ST15;ST04;ST12;ST27;ST21;ST02;ST11;ST09;ST24;ST16;ST28;ST22,,,Chronically low-demand SKU; overstocked with aging inventory.
SKU04147,SLOW_MOVER,ST06;ST21;ST15;ST04;ST07;ST12;ST03;ST14;ST18;ST09;ST17;ST16;ST27;ST23;ST05;ST29;ST24;ST19;ST20;ST08;ST13;ST01;ST02;ST25;ST10,,,Chronically low-demand SKU; overstocked with aging inventory.
SKU04902,SLOW_MOVER,ST03;ST04;ST09;ST30;ST18;ST28;ST10;ST29;ST19;ST06;ST23;ST01;ST05;ST20;ST13;ST08;ST21;ST27;ST16;ST14;ST11;ST26;ST12;ST24;ST22;ST25;ST02;ST17;ST07,,,Chronically low-demand SKU; overstocked with aging inventory.
SKU03277,SLOW_MOVER,ST21;ST13;ST01;ST23;ST06;ST12;ST10;ST14;ST16;ST09;ST03;ST30;ST29;ST20;ST19;ST02;ST08;ST17;ST05,,,Chronically low-demand SKU; overstocked with aging inventory.
SKU03179,SLOW_MOVER,ST16;ST18;ST15;ST22;ST03;ST02;ST21;ST12;ST14;ST09;ST05;ST06;ST17;ST20;ST29;ST27;ST10;ST11;ST19;ST04;ST01,,,Chronically low-demand SKU; overstocked with aging inventory.
SKU01766,SLOW_MOVER,ST29;ST03;ST23;ST24;ST11;ST14;ST19;ST13;ST08;ST10;ST04;ST27;ST15;ST21;ST16;ST26;ST12;ST09;ST20;ST28;ST18;ST17;ST07;ST01;ST22,,,Chronically low-demand SKU; overstocked with aging inventory.
SKU04244,SLOW_MOVER,ST07;ST18;ST01;ST11;ST12;ST15;ST16;ST22;ST19;ST08;ST02;ST13;ST23;ST09;ST24;ST20,,,Chronically low-demand SKU; overstocked with aging inventory.
SKU00906,SLOW_MOVER,ST05;ST06;ST10;ST21;ST09;ST19;ST29;ST26;ST14;ST15;ST11;ST13;ST01;ST28;ST08;ST20;ST23;ST07;ST27;ST25;ST12;ST30;ST22;ST16;ST18,,,Chronically low-demand SKU; overstocked with aging inventory.
SKU02064,SLOW_MOVER,ST18;ST15;ST12;ST23;ST28;ST05;ST19;ST02;ST09;ST24;ST21;ST17;ST22;ST20;ST14;ST13;ST08;ST03;ST27;ST07;ST29;ST30;ST25;ST26;ST10;ST04;ST01;ST11;ST06;ST16,,,Chronically low-demand SKU; overstocked with aging inventory.
SKU03284,SLOW_MOVER,ST09;ST07;ST02;ST19;ST05;ST12;ST16;ST14;ST01;ST29;ST17;ST22;ST28;ST26;ST24;ST08,,,Chronically low-demand SKU; overstocked with aging inventory.
SKU04955,SLOW_MOVER,ST26;ST17;ST16;ST30;ST12;ST06;ST15;ST29;ST10;ST14;ST13;ST24;ST19;ST09;ST03;ST05;ST23;ST27;ST04;ST21;ST20,,,Chronically low-demand SKU; overstocked with aging inventory.
SKU02871,SLOW_MOVER,ST06;ST17;ST12;ST25;ST11;ST13;ST15;ST26;ST16;ST22;ST05;ST14;ST03;ST02;ST29;ST18;ST04;ST21;ST01;ST27;ST08;ST19;ST24;ST09;ST28;ST07;ST10;ST30,,,Chronically low-demand SKU; overstocked with aging inventory.
SKU00524,SLOW_MOVER,ST22;ST12;ST05;ST23;ST07;ST08;ST24;ST15;ST21;ST18;ST01;ST28;ST20;ST06;ST30;ST16;ST17;ST11;ST25;ST14;ST27;ST02;ST26;ST29;ST04;ST13;ST09,,,Chronically low-demand SKU; overstocked with aging inventory.
SKU02533,SLOW_MOVER,ST17;ST16;ST20;ST10;ST30;ST28;ST27;ST11;ST14;ST03;ST08;ST13;ST15;ST19;ST22;ST06;ST23;ST01;ST21;ST04;ST12;ST29;ST02;ST07;ST09,,,Chronically low-demand SKU; overstocked with aging inventory.
SKU04580,SLOW_MOVER,ST23;ST20;ST06;ST17;ST26;ST25;ST18;ST07;ST19;ST04;ST29;ST05;ST02;ST27;ST28;ST14;ST30;ST11;ST08;ST09;ST10;ST21;ST24;ST03;ST22;ST12;ST16;ST01,,,Chronically low-demand SKU; overstocked with aging inventory.
SKU04073,SLOW_MOVER,ST09;ST16;ST19;ST30;ST07;ST14;ST25;ST05;ST17;ST01;ST03;ST08;ST06;ST26;ST02;ST12;ST22;ST27;ST10;ST15;ST24;ST28,,,Chronically low-demand SKU; overstocked with aging inventory.
SKU02114,SLOW_MOVER,ST17;ST20;ST28;ST18;ST05;ST06;ST15;ST24;ST19;ST11;ST09;ST10;ST25;ST01;ST16;ST14;ST26;ST27;ST29;ST13;ST03,,,Chronically low-demand SKU; overstocked with aging inventory.
SKU01038,SLOW_MOVER,ST12;ST21;ST29;ST13;ST22;ST20;ST19;ST18;ST03;ST01;ST27;ST07;ST28;ST24;ST23;ST10;ST02;ST09;ST04;ST25;ST15;ST30;ST05;ST11;ST08;ST26;ST06,,,Chronically low-demand SKU; overstocked with aging inventory.
SKU03822,SLOW_MOVER,ST09;ST01;ST22;ST03;ST13;ST07;ST29;ST17;ST08;ST11;ST02;ST25;ST06;ST18;ST05;ST16;ST24;ST21;ST04;ST14;ST15;ST19;ST12;ST30;ST26,,,Chronically low-demand SKU; overstocked with aging inventory.
SKU01032,SLOW_MOVER,ST14;ST10;ST09;ST25;ST07;ST30;ST22;ST27;ST12;ST01;ST28;ST19;ST29;ST02;ST23;ST08;ST26;ST15;ST16;ST03;ST24;ST17,,,Chronically low-demand SKU; overstocked with aging inventory.
SKU04250,SLOW_MOVER,ST04;ST08;ST05;ST29;ST27;ST28;ST17;ST12;ST23;ST25;ST16;ST09;ST14;ST19;ST01;ST07;ST03;ST15;ST10;ST20;ST26;ST02;ST13;ST21,,,Chronically low-demand SKU; overstocked with aging inventory.
SKU03457,SLOW_MOVER,ST29;ST16;ST13;ST25;ST03;ST08;ST23;ST28;ST12;ST02;ST05;ST24;ST30;ST17;ST22;ST01;ST14;ST15,,,Chronically low-demand SKU; overstocked with aging inventory.
SKU01822,SLOW_MOVER,ST08;ST23;ST03;ST07;ST11;ST26;ST18;ST24;ST06;ST25;ST19;ST10;ST04;ST15;ST09;ST02;ST20;ST27;ST21;ST12;ST28;ST17;ST30;ST29;ST16;ST01;ST05;ST14,,,Chronically low-demand SKU; overstocked with aging inventory.
SKU01538,SLOW_MOVER,ST27;ST15;ST30;ST07;ST04;ST29;ST10;ST13;ST18;ST11;ST12;ST14;ST09;ST19;ST17;ST08;ST20;ST01;ST25;ST26;ST23;ST05,,,Chronically low-demand SKU; overstocked with aging inventory.
SKU02500,SLOW_MOVER,ST23;ST11;ST21;ST22;ST17;ST08;ST19;ST02;ST06;ST29;ST24;ST18;ST05;ST03;ST30;ST16;ST27;ST07;ST09;ST01;ST20;ST26;ST13;ST12;ST14;ST04;ST10;ST15;ST28;ST25,,,Chronically low-demand SKU; overstocked with aging inventory.
SKU02639,SLOW_MOVER,ST24;ST27;ST23;ST30;ST25;ST03;ST13;ST11;ST21;ST17;ST06;ST10;ST22;ST18;ST29;ST16;ST28;ST26;ST05;ST14;ST01,,,Chronically low-demand SKU; overstocked with aging inventory.
SKU04856,SLOW_MOVER,ST03;ST26;ST25;ST11;ST10;ST16;ST28;ST05;ST24;ST08;ST20;ST29;ST04;ST27;ST14;ST30;ST12;ST01;ST13;ST21;ST22;ST09;ST06;ST15;ST17,,,Chronically low-demand SKU; overstocked with aging inventory.
SKU01805,SLOW_MOVER,ST14;ST12;ST21;ST28;ST04;ST03;ST07;ST29;ST23;ST22;ST01;ST20;ST16;ST15;ST13;ST17;ST25;ST06;ST18;ST24;ST27;ST10;ST02;ST19;ST11;ST09,,,Chronically low-demand SKU; overstocked with aging inventory.
SKU04768,SLOW_MOVER,ST02;ST24;ST29;ST16;ST09;ST21;ST18;ST20;ST30;ST26;ST08;ST03;ST25;ST22;ST13;ST06;ST19;ST01;ST11;ST05;ST12;ST17;ST27;ST07;ST28;ST15;ST23,,,Chronically low-demand SKU; overstocked with aging inventory.
SKU04222,SLOW_MOVER,ST25;ST21;ST05;ST04;ST13;ST20;ST18;ST22;ST09;ST28;ST11;ST29;ST30;ST23;ST26;ST24;ST02;ST08;ST17;ST06;ST12;ST10;ST14,,,Chronically low-demand SKU; overstocked with aging inventory.
SKU02662,SLOW_MOVER,ST17;ST11;ST23;ST15;ST03;ST07;ST06;ST10;ST02;ST27;ST28;ST30;ST12;ST09;ST14;ST26;ST19;ST22;ST20;ST04;ST24;ST13;ST21;ST08;ST01;ST05,,,Chronically low-demand SKU; overstocked with aging inventory.
SKU03058,SLOW_MOVER,ST01;ST07;ST12;ST15;ST21;ST08;ST14;ST05;ST30;ST28;ST02;ST27;ST18;ST16;ST26;ST22;ST06;ST25;ST29;ST24;ST20;ST23;ST03;ST04;ST09;ST13;ST10;ST19;ST17;ST11,,,Chronically low-demand SKU; overstocked with aging inventory.
SKU03454,SLOW_MOVER,ST16;ST26;ST27;ST25;ST02;ST08;ST05;ST22;ST21;ST28;ST03;ST01;ST17;ST29;ST06;ST13;ST15;ST09;ST30;ST04;ST23;ST07;ST18;ST20;ST12;ST14;ST11,,,Chronically low-demand SKU; overstocked with aging inventory.
SKU02501,SLOW_MOVER,ST30;ST19;ST14;ST05;ST15;ST26;ST10;ST12;ST28;ST13;ST24;ST06;ST03;ST29;ST17;ST09;ST27;ST04;ST11;ST18;ST20;ST16;ST01,,,Chronically low-demand SKU; overstocked with aging inventory.
SKU02038,SLOW_MOVER,ST12;ST05;ST19;ST28;ST17;ST06;ST24;ST26;ST13;ST16;ST10;ST03;ST11;ST01;ST08;ST15;ST27;ST07;ST25;ST14;ST23;ST18;ST20,,,Chronically low-demand SKU; overstocked with aging inventory.
SKU02700,SLOW_MOVER,ST27;ST10;ST28;ST15;ST24;ST18;ST04;ST19;ST12;ST16;ST08;ST06;ST13;ST21;ST14;ST20;ST05;ST25;ST22;ST02;ST07,,,Chronically low-demand SKU; overstocked with aging inventory.
SKU01191,SLOW_MOVER,ST10;ST12;ST05;ST27;ST04;ST21;ST20;ST18;ST29;ST02;ST13;ST16;ST11;ST09;ST14;ST25,,,Chronically low-demand SKU; overstocked with aging inventory.
SKU02964,SLOW_MOVER,ST12;ST29;ST10;ST30;ST02;ST09;ST13;ST24;ST20;ST05;ST11;ST03;ST16;ST01;ST18;ST28;ST26;ST06;ST27;ST19;ST07,,,Chronically low-demand SKU; overstocked with aging inventory.
SKU04797,SLOW_MOVER,ST23;ST28;ST01;ST20;ST13;ST12;ST25;ST07;ST19;ST06;ST15;ST05;ST02;ST16;ST03;ST10,,,Chronically low-demand SKU; overstocked with aging inventory.
SKU02722,SLOW_MOVER,ST12;ST20;ST11;ST22;ST02;ST08;ST27;ST28;ST01;ST18;ST04;ST23;ST29;ST10;ST15;ST21;ST07;ST09;ST05;ST30,,,Chronically low-demand SKU; overstocked with aging inventory.
SKU03621,SLOW_MOVER,ST05;ST02;ST29;ST25;ST30;ST04;ST21;ST07;ST12;ST27;ST06;ST01;ST20;ST13;ST16;ST09,,,Chronically low-demand SKU; overstocked with aging inventory.
SKU01605,SLOW_MOVER,ST11;ST18;ST06;ST29;ST15;ST01;ST25;ST26;ST09;ST13;ST02;ST20;ST22;ST16;ST12;ST19;ST28;ST07;ST17;ST21;ST08;ST03;ST05;ST04;ST27;ST24;ST23;ST14;ST10,,,Chronically low-demand SKU; overstocked with aging inventory.
SKU00649,SLOW_MOVER,ST12;ST25;ST18;ST28;ST24;ST20;ST27;ST11;ST29;ST06;ST09;ST01;ST04;ST22;ST21;ST23;ST14;ST02;ST16;ST19;ST08;ST07;ST30;ST10;ST15;ST17;ST13;ST03;ST26;ST05,,,Chronically low-demand SKU; overstocked with aging inventory.
SKU03864,SLOW_MOVER,ST15;ST26;ST04;ST16;ST05;ST22;ST11;ST02;ST01;ST30;ST24;ST06;ST27;ST09;ST08;ST17;ST25;ST03;ST14;ST10;ST29;ST28;ST18,,,Chronically low-demand SKU; overstocked with aging inventory.
SKU03376,SLOW_MOVER,ST26;ST23;ST13;ST24;ST01;ST20;ST02;ST18;ST09;ST06;ST21;ST29;ST04;ST19;ST15;ST14;ST22;ST28,,,Chronically low-demand SKU; overstocked with aging inventory.
SKU04388,SLOW_MOVER,ST23;ST12;ST01;ST10;ST27;ST05;ST26;ST19;ST06;ST28;ST30;ST08;ST11;ST22;ST17;ST03;ST02;ST16;ST04;ST18;ST20;ST09,,,Chronically low-demand SKU; overstocked with aging inventory.
SKU03950,SLOW_MOVER,ST16;ST14;ST08;ST26;ST05;ST04;ST13;ST22;ST11;ST28;ST20;ST27;ST09;ST02;ST03;ST23;ST19;ST18;ST25;ST29;ST15;ST07;ST06;ST12;ST10;ST24;ST01;ST30;ST21,,,Chronically low-demand SKU; overstocked with aging inventory.
SKU04505,SLOW_MOVER,ST20;ST29;ST23;ST30;ST17;ST14;ST10;ST21;ST25;ST27;ST16;ST09;ST01;ST06;ST18;ST24;ST22;ST28;ST12;ST05;ST15;ST19;ST11;ST08;ST03;ST07;ST02;ST04,,,Chronically low-demand SKU; overstocked with aging inventory.
SKU04152,SLOW_MOVER,ST30;ST24;ST29;ST20;ST05;ST03;ST01;ST11;ST19;ST07;ST10;ST02;ST23;ST08;ST14;ST16;ST04;ST21;ST27;ST28;ST12;ST25,,,Chronically low-demand SKU; overstocked with aging inventory.
SKU01303,SLOW_MOVER,ST25;ST13;ST01;ST14;ST04;ST12;ST06;ST07;ST22;ST03;ST19;ST26;ST28;ST29;ST16;ST05;ST17;ST23;ST30;ST15;ST11;ST20;ST18;ST09;ST10;ST08;ST27;ST21;ST02;ST24,,,Chronically low-demand SKU; overstocked with aging inventory.
SKU01827,SLOW_MOVER,ST25;ST19;ST21;ST20;ST13;ST10;ST30;ST24;ST12;ST08;ST01;ST07;ST26;ST05;ST15,,,Chronically low-demand SKU; overstocked with aging inventory.
